symbol,fundingTime,fundingRate,Day
BNBUSDT,1581321600000,0.00000000,2020-02-10 08:00:00
BNBUSDT,1581350400000,0.00304635,2020-02-10 16:00:00
BNBUSDT,1581379200000,0.00161571,2020-02-11 00:00:00
BNBUSDT,1581408000000,0.00261274,2020-02-11 08:00:00
BNBUSDT,1581436800000,0.00155591,2020-02-11 16:00:00
BNBUSDT,1581465600000,0.00326618,2020-02-12 00:00:00
BNBUSDT,1581494400000,0.00222329,2020-02-12 08:00:00
BNBUSDT,1581523200000,0.00123233,2020-02-12 16:00:00
BNBUSDT,1581552000000,0.00066404,2020-02-13 00:00:00
BNBUSDT,1581580800000,0.00339783,2020-02-13 08:00:00
BNBUSDT,1581609600000,0.00051288,2020-02-13 16:00:00
BNBUSDT,1581638400000,0.00000000,2020-02-14 00:00:00
BNBUSDT,1581667200000,0.00083110,2020-02-14 08:00:00
BNBUSDT,1581696000000,0.00045706,2020-02-14 16:00:00
BNBUSDT,1581724800000,0.00205219,2020-02-15 00:00:00
BNBUSDT,1581753600000,0.00121877,2020-02-15 08:00:00
BNBUSDT,1581782400000,0.00231415,2020-02-15 16:00:00
BNBUSDT,1581811200000,0.00000000,2020-02-16 00:00:00
BNBUSDT,1581840000000,0.00000000,2020-02-16 08:00:00
BNBUSDT,1581868800000,0.00000000,2020-02-16 16:00:00
BNBUSDT,1581897600000,0.00000000,2020-02-17 00:00:00
BNBUSDT,1581926400000,0.00030250,2020-02-17 08:00:00
BNBUSDT,1581955200000,0.00110646,2020-02-17 16:00:00
BNBUSDT,1581984000000,0.00007369,2020-02-18 00:00:00
BNBUSDT,1582012800000,0.00000000,2020-02-18 08:00:00
BNBUSDT,1582041600000,0.00017557,2020-02-18 16:00:00
BNBUSDT,1582070400000,0.00002421,2020-02-19 00:00:00
BNBUSDT,1582099200000,0.00137686,2020-02-19 08:00:00
BNBUSDT,1582128000000,0.00000000,2020-02-19 16:00:00
BNBUSDT,1582156800000,0.00046778,2020-02-20 00:00:00
BNBUSDT,1582185600000,0.00072738,2020-02-20 08:00:00
BNBUSDT,1582214400000,0.00020171,2020-02-20 16:00:00
BNBUSDT,1582243200000,0.00000000,2020-02-21 00:00:00
BNBUSDT,1582272000000,0.00024140,2020-02-21 08:00:00
BNBUSDT,1582300800000,0.00042486,2020-02-21 16:00:00
BNBUSDT,1582329600000,0.00064889,2020-02-22 00:00:00
BNBUSDT,1582358400000,0.00049596,2020-02-22 08:00:00
BNBUSDT,1582387200000,0.00052603,2020-02-22 16:00:00
BNBUSDT,1582416000000,0.00075795,2020-02-23 00:00:00
BNBUSDT,1582444800000,0.00081155,2020-02-23 08:00:00
BNBUSDT,1582473600000,0.00020372,2020-02-23 16:00:00
BNBUSDT,1582502400000,0.00043004,2020-02-24 00:00:00
BNBUSDT,1582531200000,0.00015968,2020-02-24 08:00:00
BNBUSDT,1582560000000,0.00043662,2020-02-24 16:00:00
BNBUSDT,1582588800000,0.00012455,2020-02-25 00:00:00
BNBUSDT,1582617600000,0.00030493,2020-02-25 08:00:00
BNBUSDT,1582646400000,0.00031773,2020-02-25 16:00:00
BNBUSDT,1582675200000,0.00015623,2020-02-26 00:00:00
BNBUSDT,1582704000000,0.00018209,2020-02-26 08:00:00
BNBUSDT,1582732800000,0.00000000,2020-02-26 16:00:00
BNBUSDT,1582761600000,0.00000000,2020-02-27 00:00:00
BNBUSDT,1582790400000,0.00000000,2020-02-27 08:00:00
BNBUSDT,1582819200000,0.00000000,2020-02-27 16:00:00
BNBUSDT,1582848000000,0.00000000,2020-02-28 00:00:00
BNBUSDT,1582876800000,0.00000000,2020-02-28 08:00:00
BNBUSDT,1582905600000,0.00000000,2020-02-28 16:00:00
BNBUSDT,1582934400000,0.00000000,2020-02-29 00:00:00
BNBUSDT,1582963200000,0.00000000,2020-02-29 08:00:00
BNBUSDT,1582992000000,0.00028972,2020-02-29 16:00:00
BNBUSDT,1583020800000,0.00019026,2020-03-01 00:00:00
BNBUSDT,1583049600000,0.00031743,2020-03-01 08:00:00
BNBUSDT,1583078400000,0.00038074,2020-03-01 16:00:00
BNBUSDT,1583107200000,0.00000000,2020-03-02 00:00:00
BNBUSDT,1583136000000,0.00000000,2020-03-02 08:00:00
BNBUSDT,1583164800000,0.00000000,2020-03-02 16:00:00
BNBUSDT,1583193600000,-0.00001823,2020-03-03 00:00:00
BNBUSDT,1583222400000,-0.00020427,2020-03-03 08:00:00
BNBUSDT,1583251200000,0.00000000,2020-03-03 16:00:00
BNBUSDT,1583280000000,0.00000000,2020-03-04 00:00:00
BNBUSDT,1583308800000,0.00000000,2020-03-04 08:00:00
BNBUSDT,1583337600000,-0.00063660,2020-03-04 16:00:00
BNBUSDT,1583366400000,0.00000000,2020-03-05 00:00:00
BNBUSDT,1583395200000,0.00016672,2020-03-05 08:00:00
BNBUSDT,1583424000000,0.00003555,2020-03-05 16:00:00
BNBUSDT,1583452800000,0.00072615,2020-03-06 00:00:00
BNBUSDT,1583481600000,0.00006931,2020-03-06 08:00:00
BNBUSDT,1583510400000,0.00018643,2020-03-06 16:00:00
BNBUSDT,1583539200000,0.00000000,2020-03-07 00:00:00
BNBUSDT,1583568000000,0.00099038,2020-03-07 08:00:00
BNBUSDT,1583596800000,0.00076374,2020-03-07 16:00:00
BNBUSDT,1583625600000,0.00084351,2020-03-08 00:00:00
BNBUSDT,1583654400000,0.00050183,2020-03-08 08:00:00
BNBUSDT,1583683200000,0.00066063,2020-03-08 16:00:00
BNBUSDT,1583712000000,0.00076211,2020-03-09 00:00:00
BNBUSDT,1583740800000,0.00000000,2020-03-09 08:00:00
BNBUSDT,1583769600000,0.00000000,2020-03-09 16:00:00
BNBUSDT,1583798400000,0.00000000,2020-03-10 00:00:00
BNBUSDT,1583827200000,0.00000000,2020-03-10 08:00:00
BNBUSDT,1583856000000,0.00000000,2020-03-10 16:00:00
BNBUSDT,1583884800000,0.00000000,2020-03-11 00:00:00
BNBUSDT,1583913600000,0.00000000,2020-03-11 08:00:00
BNBUSDT,1583942400000,0.00000000,2020-03-11 16:00:00
BNBUSDT,1583971200000,0.00000000,2020-03-12 00:00:00
BNBUSDT,1584000000000,0.00000000,2020-03-12 08:00:00
BNBUSDT,1584028800000,-0.00042140,2020-03-12 16:00:00
BNBUSDT,1584057600000,0.00001447,2020-03-13 00:00:00
BNBUSDT,1584086400000,-0.00584369,2020-03-13 08:00:00
BNBUSDT,1584115200000,-0.00142512,2020-03-13 16:00:00
BNBUSDT,1584144000000,-0.00003866,2020-03-14 00:00:00
BNBUSDT,1584172800000,0.00138786,2020-03-14 08:00:00
BNBUSDT,1584201600000,0.00061685,2020-03-14 16:00:00
BNBUSDT,1584230400000,0.00031569,2020-03-15 00:00:00
BNBUSDT,1584259200000,0.00000000,2020-03-15 08:00:00
BNBUSDT,1584288000000,0.00049659,2020-03-15 16:00:00
BNBUSDT,1584316800000,0.00000000,2020-03-16 00:00:00
BNBUSDT,1584345600000,0.00000000,2020-03-16 08:00:00
BNBUSDT,1584374400000,-0.00025194,2020-03-16 16:00:00
BNBUSDT,1584403200000,0.00000000,2020-03-17 00:00:00
BNBUSDT,1584432000000,0.00006145,2020-03-17 08:00:00
BNBUSDT,1584460800000,0.00000000,2020-03-17 16:00:00
BNBUSDT,1584489600000,0.00000000,2020-03-18 00:00:00
BNBUSDT,1584518400000,0.00000000,2020-03-18 08:00:00
BNBUSDT,1584547200000,0.00000000,2020-03-18 16:00:00
BNBUSDT,1584576000000,0.00000000,2020-03-19 00:00:00
BNBUSDT,1584604800000,0.00000000,2020-03-19 08:00:00
BNBUSDT,1584633600000,0.00000000,2020-03-19 16:00:00
BNBUSDT,1584662400000,0.00000000,2020-03-20 00:00:00
BNBUSDT,1584691200000,0.00000000,2020-03-20 08:00:00
BNBUSDT,1584720000000,0.00003196,2020-03-20 16:00:00
BNBUSDT,1584748800000,0.00000000,2020-03-21 00:00:00
BNBUSDT,1584777600000,0.00000000,2020-03-21 08:00:00
BNBUSDT,1584806400000,0.00000000,2020-03-21 16:00:00
BNBUSDT,1584835200000,0.00000000,2020-03-22 00:00:00
BNBUSDT,1584864000000,0.00000000,2020-03-22 08:00:00
BNBUSDT,1584892800000,0.00000000,2020-03-22 16:00:00
BNBUSDT,1584921600000,0.00000000,2020-03-23 00:00:00
BNBUSDT,1584950400000,0.00000000,2020-03-23 08:00:00
BNBUSDT,1584979200000,0.00000000,2020-03-23 16:00:00
BNBUSDT,1585008000000,0.00000000,2020-03-24 00:00:00
BNBUSDT,1585036800000,0.00000000,2020-03-24 08:00:00
BNBUSDT,1585065600000,0.00000000,2020-03-24 16:00:00
BNBUSDT,1585094400000,-0.00028381,2020-03-25 00:00:00
BNBUSDT,1585123200000,-0.00063857,2020-03-25 08:00:00
BNBUSDT,1585152000000,-0.00116804,2020-03-25 16:00:00
BNBUSDT,1585180800000,-0.00136474,2020-03-26 00:00:00
BNBUSDT,1585209600000,-0.00101418,2020-03-26 08:00:00
BNBUSDT,1585238400000,0.00000000,2020-03-26 16:00:00
BNBUSDT,1585267200000,0.00000000,2020-03-27 00:00:00
BNBUSDT,1585296000000,0.00000000,2020-03-27 08:00:00
BNBUSDT,1585324800000,-0.00088447,2020-03-27 16:00:00
BNBUSDT,1585353600000,-0.00069922,2020-03-28 00:00:00
BNBUSDT,1585382400000,0.00000000,2020-03-28 08:00:00
BNBUSDT,1585411200000,-0.00096105,2020-03-28 16:00:00
BNBUSDT,1585440000000,-0.00095820,2020-03-29 00:00:00
BNBUSDT,1585468800000,-0.00071773,2020-03-29 08:00:00
BNBUSDT,1585497600000,-0.00030985,2020-03-29 16:00:00
BNBUSDT,1585526400000,-0.00058307,2020-03-30 00:00:00
BNBUSDT,1585555200000,-0.00051558,2020-03-30 08:00:00
BNBUSDT,1585584000000,-0.00037297,2020-03-30 16:00:00
BNBUSDT,1585612800000,-0.00034341,2020-03-31 00:00:00
BNBUSDT,1585641600000,-0.00044911,2020-03-31 08:00:00
BNBUSDT,1585670400000,0.00000000,2020-03-31 16:00:00
BNBUSDT,1585699200000,0.00000000,2020-04-01 00:00:00
BNBUSDT,1585728000000,0.00000000,2020-04-01 08:00:00
BNBUSDT,1585756800000,0.00000000,2020-04-01 16:00:00
BNBUSDT,1585785600000,-0.00038278,2020-04-02 00:00:00
BNBUSDT,1585814400000,-0.00053770,2020-04-02 08:00:00
BNBUSDT,1585843200000,0.00000000,2020-04-02 16:00:00
BNBUSDT,1585872000000,-0.00005878,2020-04-03 00:00:00
BNBUSDT,1585900800000,-0.00093878,2020-04-03 08:00:00
BNBUSDT,1585929600000,0.00000000,2020-04-03 16:00:00
BNBUSDT,1585958400000,0.00000000,2020-04-04 00:00:00
BNBUSDT,1585987200000,0.00000000,2020-04-04 08:00:00
BNBUSDT,1586016000000,0.00000000,2020-04-04 16:00:00
BNBUSDT,1586044800000,0.00001815,2020-04-05 00:00:00
BNBUSDT,1586073600000,0.00003597,2020-04-05 08:00:00
BNBUSDT,1586102400000,0.00000000,2020-04-05 16:00:00
BNBUSDT,1586131200000,0.00019490,2020-04-06 00:00:00
BNBUSDT,1586160000000,0.00012984,2020-04-06 08:00:00
BNBUSDT,1586188800000,0.00000000,2020-04-06 16:00:00
BNBUSDT,1586217600000,0.00000000,2020-04-07 00:00:00
BNBUSDT,1586246400000,0.00008068,2020-04-07 08:00:00
BNBUSDT,1586275200000,0.00006871,2020-04-07 16:00:00
BNBUSDT,1586304000000,0.00000000,2020-04-08 00:00:00
BNBUSDT,1586332800000,0.00000000,2020-04-08 08:00:00
BNBUSDT,1586361600000,0.00000000,2020-04-08 16:00:00
BNBUSDT,1586390400000,0.00000000,2020-04-09 00:00:00
BNBUSDT,1586419200000,0.00000000,2020-04-09 08:00:00
BNBUSDT,1586448000000,0.00000000,2020-04-09 16:00:00
BNBUSDT,1586476800000,0.00000000,2020-04-10 00:00:00
BNBUSDT,1586505600000,0.00000000,2020-04-10 08:00:00
BNBUSDT,1586534400000,0.00000000,2020-04-10 16:00:00
BNBUSDT,1586563200000,-0.00012615,2020-04-11 00:00:00
BNBUSDT,1586592000000,0.00000000,2020-04-11 08:00:00
BNBUSDT,1586620800000,0.00000000,2020-04-11 16:00:00
BNBUSDT,1586649600000,0.00000000,2020-04-12 00:00:00
BNBUSDT,1586678400000,0.00000000,2020-04-12 08:00:00
BNBUSDT,1586707200000,0.00000000,2020-04-12 16:00:00
BNBUSDT,1586736000000,0.00000000,2020-04-13 00:00:00
BNBUSDT,1586764800000,0.00000000,2020-04-13 08:00:00
BNBUSDT,1586793600000,-0.00106444,2020-04-13 16:00:00
BNBUSDT,1586822400000,-0.00105536,2020-04-14 00:00:00
BNBUSDT,1586851200000,-0.00048669,2020-04-14 08:00:00
BNBUSDT,1586880000000,-0.00163126,2020-04-14 16:00:00
BNBUSDT,1586908800000,-0.00161834,2020-04-15 00:00:00
BNBUSDT,1586937600000,-0.00054383,2020-04-15 08:00:00
BNBUSDT,1586966400000,0.00000000,2020-04-15 16:00:00
BNBUSDT,1586995200000,-0.00022565,2020-04-16 00:00:00
BNBUSDT,1587024000000,-0.00154515,2020-04-16 08:00:00
BNBUSDT,1587052800000,-0.00162046,2020-04-16 16:00:00
BNBUSDT,1587081600000,-0.00244099,2020-04-17 00:00:00
BNBUSDT,1587110400000,-0.00218330,2020-04-17 08:00:00
BNBUSDT,1587139200000,-0.00082619,2020-04-17 16:00:00
BNBUSDT,1587168000000,-0.00088774,2020-04-18 00:00:00
BNBUSDT,1587196800000,-0.00023463,2020-04-18 08:00:00
BNBUSDT,1587225600000,-0.00019125,2020-04-18 16:00:00
BNBUSDT,1587254400000,-0.00072850,2020-04-19 00:00:00
BNBUSDT,1587283200000,-0.00098575,2020-04-19 08:00:00
BNBUSDT,1587312000000,-0.00097202,2020-04-19 16:00:00
BNBUSDT,1587340800000,-0.00083493,2020-04-20 00:00:00
BNBUSDT,1587369600000,-0.00040011,2020-04-20 08:00:00
BNBUSDT,1587398400000,-0.00120041,2020-04-20 16:00:00
BNBUSDT,1587427200000,-0.00205524,2020-04-21 00:00:00
BNBUSDT,1587456000000,-0.00022570,2020-04-21 08:00:00
BNBUSDT,1587484800000,-0.00129702,2020-04-21 16:00:00
BNBUSDT,1587513600000,-0.00099634,2020-04-22 00:00:00
BNBUSDT,1587542400000,-0.00048035,2020-04-22 08:00:00
BNBUSDT,1587571200000,0.00000000,2020-04-22 16:00:00
BNBUSDT,1587600000000,0.00000000,2020-04-23 00:00:00
BNBUSDT,1587628800000,-0.00053230,2020-04-23 08:00:00
BNBUSDT,1587657600000,0.00000000,2020-04-23 16:00:00
BNBUSDT,1587686400000,0.00000000,2020-04-24 00:00:00
BNBUSDT,1587715200000,0.00000000,2020-04-24 08:00:00
BNBUSDT,1587744000000,0.00000000,2020-04-24 16:00:00
BNBUSDT,1587772800000,0.00000000,2020-04-25 00:00:00
BNBUSDT,1587801600000,0.00000000,2020-04-25 08:00:00
BNBUSDT,1587830400000,0.00000000,2020-04-25 16:00:00
BNBUSDT,1587859200000,0.00000000,2020-04-26 00:00:00
BNBUSDT,1587888000000,-0.00009795,2020-04-26 08:00:00
BNBUSDT,1587916800000,0.00000000,2020-04-26 16:00:00
BNBUSDT,1587945600000,0.00000000,2020-04-27 00:00:00
BNBUSDT,1587974400000,0.00000000,2020-04-27 08:00:00
BNBUSDT,1588003200000,0.00000000,2020-04-27 16:00:00
BNBUSDT,1588032000000,0.00000000,2020-04-28 00:00:00
BNBUSDT,1588060800000,-0.00064392,2020-04-28 08:00:00
BNBUSDT,1588089600000,0.00000000,2020-04-28 16:00:00
BNBUSDT,1588118400000,0.00000000,2020-04-29 00:00:00
BNBUSDT,1588147200000,0.00000000,2020-04-29 08:00:00
BNBUSDT,1588176000000,0.00000000,2020-04-29 16:00:00
BNBUSDT,1588204800000,-0.00065188,2020-04-30 00:00:00
BNBUSDT,1588233600000,-0.00016727,2020-04-30 08:00:00
BNBUSDT,1588262400000,-0.00190521,2020-04-30 16:00:00
BNBUSDT,1588291200000,-0.00132408,2020-05-01 00:00:00
BNBUSDT,1588320000000,-0.00021921,2020-05-01 08:00:00
BNBUSDT,1588348800000,-0.00043006,2020-05-01 16:00:00
BNBUSDT,1588377600000,-0.00069085,2020-05-02 00:00:00
BNBUSDT,1588406400000,-0.00080576,2020-05-02 08:00:00
BNBUSDT,1588435200000,-0.00006443,2020-05-02 16:00:00
BNBUSDT,1588464000000,0.00000000,2020-05-03 00:00:00
BNBUSDT,1588492800000,0.00000000,2020-05-03 08:00:00
BNBUSDT,1588521600000,-0.00121372,2020-05-03 16:00:00
BNBUSDT,1588550400000,-0.00119549,2020-05-04 00:00:00
BNBUSDT,1588579200000,0.00000000,2020-05-04 08:00:00
BNBUSDT,1588608000000,0.00000000,2020-05-04 16:00:00
BNBUSDT,1588636800000,0.00000000,2020-05-05 00:00:00
BNBUSDT,1588665600000,0.00000000,2020-05-05 08:00:00
BNBUSDT,1588694400000,0.00000000,2020-05-05 16:00:00
BNBUSDT,1588723200000,-0.00056844,2020-05-06 00:00:00
BNBUSDT,1588752000000,-0.00080135,2020-05-06 08:00:00
BNBUSDT,1588780800000,0.00000000,2020-05-06 16:00:00
BNBUSDT,1588809600000,0.00000000,2020-05-07 00:00:00
BNBUSDT,1588838400000,-0.00021386,2020-05-07 08:00:00
BNBUSDT,1588867200000,0.00000000,2020-05-07 16:00:00
BNBUSDT,1588896000000,0.00000000,2020-05-08 00:00:00
BNBUSDT,1588924800000,0.00000000,2020-05-08 08:00:00
BNBUSDT,1588953600000,0.00000000,2020-05-08 16:00:00
BNBUSDT,1588982400000,0.00000000,2020-05-09 00:00:00
BNBUSDT,1589011200000,0.00000000,2020-05-09 08:00:00
BNBUSDT,1589040000000,0.00000000,2020-05-09 16:00:00
BNBUSDT,1589068800000,0.00000000,2020-05-10 00:00:00
BNBUSDT,1589097600000,-0.00078928,2020-05-10 08:00:00
BNBUSDT,1589126400000,-0.00060654,2020-05-10 16:00:00
BNBUSDT,1589155200000,0.00000000,2020-05-11 00:00:00
BNBUSDT,1589184000000,-0.00025328,2020-05-11 08:00:00
BNBUSDT,1589212800000,0.00000000,2020-05-11 16:00:00
BNBUSDT,1589241600000,-0.00029358,2020-05-12 00:00:00
BNBUSDT,1589270400000,0.00000000,2020-05-12 08:00:00
BNBUSDT,1589299200000,0.00000000,2020-05-12 16:00:00
BNBUSDT,1589328000000,-0.00025472,2020-05-13 00:00:00
BNBUSDT,1589356800000,-0.00099136,2020-05-13 08:00:00
BNBUSDT,1589385600000,0.00000000,2020-05-13 16:00:00
BNBUSDT,1589414400000,0.00000000,2020-05-14 00:00:00
BNBUSDT,1589443200000,-0.00095429,2020-05-14 08:00:00
BNBUSDT,1589472000000,-0.00009641,2020-05-14 16:00:00
BNBUSDT,1589500800000,0.00000000,2020-05-15 00:00:00
BNBUSDT,1589529600000,0.00000000,2020-05-15 08:00:00
BNBUSDT,1589558400000,0.00000000,2020-05-15 16:00:00
BNBUSDT,1589587200000,0.00000000,2020-05-16 00:00:00
BNBUSDT,1589616000000,0.00000000,2020-05-16 08:00:00
BNBUSDT,1589644800000,0.00000000,2020-05-16 16:00:00
BNBUSDT,1589673600000,0.00000000,2020-05-17 00:00:00
BNBUSDT,1589702400000,0.00000000,2020-05-17 08:00:00
BNBUSDT,1589731200000,0.00000000,2020-05-17 16:00:00
BNBUSDT,1589760000000,0.00000000,2020-05-18 00:00:00
BNBUSDT,1589788800000,0.00000000,2020-05-18 08:00:00
BNBUSDT,1589817600000,0.00000000,2020-05-18 16:00:00
BNBUSDT,1589846400000,0.00000000,2020-05-19 00:00:00
BNBUSDT,1589875200000,0.00000000,2020-05-19 08:00:00
BNBUSDT,1589904000000,0.00000000,2020-05-19 16:00:00
BNBUSDT,1589932800000,0.00000000,2020-05-20 00:00:00
BNBUSDT,1589961600000,0.00000000,2020-05-20 08:00:00
BNBUSDT,1589990400000,0.00000000,2020-05-20 16:00:00
BNBUSDT,1590019200000,0.00000000,2020-05-21 00:00:00
BNBUSDT,1590048000000,0.00000000,2020-05-21 08:00:00
BNBUSDT,1590076800000,0.00000000,2020-05-21 16:00:00
BNBUSDT,1590105600000,0.00000000,2020-05-22 00:00:00
BNBUSDT,1590134400000,0.00002744,2020-05-22 08:00:00
BNBUSDT,1590163200000,0.00000000,2020-05-22 16:00:00
BNBUSDT,1590192000000,0.00009990,2020-05-23 00:00:00
BNBUSDT,1590220800000,0.00005223,2020-05-23 08:00:00
BNBUSDT,1590249600000,0.00000000,2020-05-23 16:00:00
BNBUSDT,1590278400000,0.00005841,2020-05-24 00:00:00
BNBUSDT,1590307200000,0.00023836,2020-05-24 08:00:00
BNBUSDT,1590336000000,0.00000000,2020-05-24 16:00:00
BNBUSDT,1590364800000,0.00000000,2020-05-25 00:00:00
BNBUSDT,1590393600000,0.00000000,2020-05-25 08:00:00
BNBUSDT,1590422400000,0.00000000,2020-05-25 16:00:00
BNBUSDT,1590451200000,0.00000000,2020-05-26 00:00:00
BNBUSDT,1590480000000,0.00000000,2020-05-26 08:00:00
BNBUSDT,1590508800000,0.00000000,2020-05-26 16:00:00
BNBUSDT,1590537600000,0.00000000,2020-05-27 00:00:00
BNBUSDT,1590566400000,0.00000000,2020-05-27 08:00:00
BNBUSDT,1590595200000,0.00000000,2020-05-27 16:00:00
BNBUSDT,1590624000000,0.00000000,2020-05-28 00:00:00
BNBUSDT,1590652800000,0.00000000,2020-05-28 08:00:00
BNBUSDT,1590681600000,0.00000000,2020-05-28 16:00:00
BNBUSDT,1590710400000,0.00000000,2020-05-29 00:00:00
BNBUSDT,1590739200000,0.00000000,2020-05-29 08:00:00
BNBUSDT,1590768000000,0.00000000,2020-05-29 16:00:00
BNBUSDT,1590796800000,0.00000000,2020-05-30 00:00:00
BNBUSDT,1590825600000,0.00000000,2020-05-30 08:00:00
BNBUSDT,1590854400000,0.00000896,2020-05-30 16:00:00
BNBUSDT,1590883200000,0.00003531,2020-05-31 00:00:00
BNBUSDT,1590912000000,0.00035834,2020-05-31 08:00:00
BNBUSDT,1590940800000,0.00000000,2020-05-31 16:00:00
BNBUSDT,1590969600000,0.00000000,2020-06-01 00:00:00
BNBUSDT,1590998400000,0.00000000,2020-06-01 08:00:00
BNBUSDT,1591027200000,0.00000000,2020-06-01 16:00:00
BNBUSDT,1591056000000,0.00008273,2020-06-02 00:00:00
BNBUSDT,1591084800000,0.00150317,2020-06-02 08:00:00
BNBUSDT,1591113600000,0.00015673,2020-06-02 16:00:00
BNBUSDT,1591142400000,0.00000000,2020-06-03 00:00:00
BNBUSDT,1591171200000,0.00000000,2020-06-03 08:00:00
BNBUSDT,1591200000000,0.00000000,2020-06-03 16:00:00
BNBUSDT,1591228800000,0.00000000,2020-06-04 00:00:00
BNBUSDT,1591257600000,0.00000000,2020-06-04 08:00:00
BNBUSDT,1591286400000,0.00000000,2020-06-04 16:00:00
BNBUSDT,1591315200000,0.00000000,2020-06-05 00:00:00
BNBUSDT,1591344000000,0.00000000,2020-06-05 08:00:00
BNBUSDT,1591372800000,0.00000000,2020-06-05 16:00:00
BNBUSDT,1591401600000,0.00000000,2020-06-06 00:00:00
BNBUSDT,1591430400000,0.00000000,2020-06-06 08:00:00
BNBUSDT,1591459200000,0.00000000,2020-06-06 16:00:00
BNBUSDT,1591488000000,0.00000000,2020-06-07 00:00:00
BNBUSDT,1591516800000,0.00000000,2020-06-07 08:00:00
BNBUSDT,1591545600000,0.00003662,2020-06-07 16:00:00
BNBUSDT,1591574400000,0.00000000,2020-06-08 00:00:00
BNBUSDT,1591603200000,0.00000000,2020-06-08 08:00:00
BNBUSDT,1591632000000,0.00000000,2020-06-08 16:00:00
BNBUSDT,1591660800000,0.00000000,2020-06-09 00:00:00
BNBUSDT,1591689600000,0.00000000,2020-06-09 08:00:00
BNBUSDT,1591718400000,0.00028021,2020-06-09 16:00:00
BNBUSDT,1591747200000,0.00000000,2020-06-10 00:00:00
BNBUSDT,1591776000000,0.00000000,2020-06-10 08:00:00
BNBUSDT,1591804800000,0.00000000,2020-06-10 16:00:00
BNBUSDT,1591833600000,0.00003271,2020-06-11 00:00:00
BNBUSDT,1591862400000,0.00006225,2020-06-11 08:00:00
BNBUSDT,1591891200000,0.00022627,2020-06-11 16:00:00
BNBUSDT,1591920000000,0.00000000,2020-06-12 00:00:00
BNBUSDT,1591948800000,0.00000000,2020-06-12 08:00:00
BNBUSDT,1591977600000,0.00000000,2020-06-12 16:00:00
BNBUSDT,1592006400000,0.00000000,2020-06-13 00:00:00
BNBUSDT,1592035200000,0.00000000,2020-06-13 08:00:00
BNBUSDT,1592064000000,0.00000000,2020-06-13 16:00:00
BNBUSDT,1592092800000,0.00000000,2020-06-14 00:00:00
BNBUSDT,1592121600000,0.00000000,2020-06-14 08:00:00
BNBUSDT,1592150400000,0.00000000,2020-06-14 16:00:00
BNBUSDT,1592179200000,0.00000000,2020-06-15 00:00:00
BNBUSDT,1592208000000,0.00000000,2020-06-15 08:00:00
BNBUSDT,1592236800000,0.00000000,2020-06-15 16:00:00
BNBUSDT,1592265600000,0.00000000,2020-06-16 00:00:00
BNBUSDT,1592294400000,0.00000000,2020-06-16 08:00:00
BNBUSDT,1592323200000,0.00000000,2020-06-16 16:00:00
BNBUSDT,1592352000000,0.00000000,2020-06-17 00:00:00
BNBUSDT,1592380800000,0.00000000,2020-06-17 08:00:00
BNBUSDT,1592409600000,0.00000000,2020-06-17 16:00:00
BNBUSDT,1592438400000,0.00000000,2020-06-18 00:00:00
BNBUSDT,1592467200000,0.00000000,2020-06-18 08:00:00
BNBUSDT,1592496000000,0.00000000,2020-06-18 16:00:00
BNBUSDT,1592524800000,0.00000000,2020-06-19 00:00:00
BNBUSDT,1592553600000,0.00000000,2020-06-19 08:00:00
BNBUSDT,1592582400000,0.00000000,2020-06-19 16:00:00
BNBUSDT,1592611200000,0.00000000,2020-06-20 00:00:00
BNBUSDT,1592640000000,0.00000000,2020-06-20 08:00:00
BNBUSDT,1592668800000,0.00000000,2020-06-20 16:00:00
BNBUSDT,1592697600000,0.00022272,2020-06-21 00:00:00
BNBUSDT,1592726400000,0.00023167,2020-06-21 08:00:00
BNBUSDT,1592755200000,0.00012856,2020-06-21 16:00:00
BNBUSDT,1592784000000,0.00015194,2020-06-22 00:00:00
BNBUSDT,1592812800000,0.00055942,2020-06-22 08:00:00
BNBUSDT,1592841600000,0.00050433,2020-06-22 16:00:00
BNBUSDT,1592870400000,0.00041717,2020-06-23 00:00:00
BNBUSDT,1592899200000,0.00032418,2020-06-23 08:00:00
BNBUSDT,1592928000000,0.00022358,2020-06-23 16:00:00
BNBUSDT,1592956800000,0.00032558,2020-06-24 00:00:00
BNBUSDT,1592985600000,0.00031154,2020-06-24 08:00:00
BNBUSDT,1593014400000,0.00022791,2020-06-24 16:00:00
BNBUSDT,1593043200000,0.00065156,2020-06-25 00:00:00
BNBUSDT,1593072000000,0.00000000,2020-06-25 08:00:00
BNBUSDT,1593100800000,0.00000000,2020-06-25 16:00:00
BNBUSDT,1593129600000,0.00000000,2020-06-26 00:00:00
BNBUSDT,1593158400000,0.00000000,2020-06-26 08:00:00
BNBUSDT,1593187200000,0.00000000,2020-06-26 16:00:00
BNBUSDT,1593216000000,0.00000000,2020-06-27 00:00:00
BNBUSDT,1593244800000,0.00000000,2020-06-27 08:00:00
BNBUSDT,1593273600000,0.00000000,2020-06-27 16:00:00
BNBUSDT,1593302400000,0.00000000,2020-06-28 00:00:00
BNBUSDT,1593331200000,0.00000000,2020-06-28 08:00:00
BNBUSDT,1593360000000,0.00000000,2020-06-28 16:00:00
BNBUSDT,1593388800000,0.00000000,2020-06-29 00:00:00
BNBUSDT,1593417600000,0.00000000,2020-06-29 08:00:00
BNBUSDT,1593446400000,0.00000000,2020-06-29 16:00:00
BNBUSDT,1593475200000,0.00000000,2020-06-30 00:00:00
BNBUSDT,1593504000000,0.00007460,2020-06-30 08:00:00
BNBUSDT,1593532800000,0.00000000,2020-06-30 16:00:00
BNBUSDT,1593561600000,0.00006488,2020-07-01 00:00:00
BNBUSDT,1593590400000,0.00022682,2020-07-01 08:00:00
BNBUSDT,1593619200000,0.00003501,2020-07-01 16:00:00
BNBUSDT,1593648000000,0.00000000,2020-07-02 00:00:00
BNBUSDT,1593676800000,0.00000000,2020-07-02 08:00:00
BNBUSDT,1593705600000,0.00000000,2020-07-02 16:00:00
BNBUSDT,1593734400000,0.00015225,2020-07-03 00:00:00
BNBUSDT,1593763200000,0.00000000,2020-07-03 08:00:00
BNBUSDT,1593792000000,0.00000000,2020-07-03 16:00:00
BNBUSDT,1593820800000,0.00000000,2020-07-04 00:00:00
BNBUSDT,1593849600000,0.00026054,2020-07-04 08:00:00
BNBUSDT,1593878400000,0.00020423,2020-07-04 16:00:00
BNBUSDT,1593907200000,0.00000000,2020-07-05 00:00:00
BNBUSDT,1593936000000,0.00000000,2020-07-05 08:00:00
BNBUSDT,1593964800000,0.00000000,2020-07-05 16:00:00
BNBUSDT,1593993600000,0.00000000,2020-07-06 00:00:00
BNBUSDT,1594022400000,0.00000000,2020-07-06 08:00:00
BNBUSDT,1594051200000,0.00106170,2020-07-06 16:00:00
BNBUSDT,1594080000000,0.00045655,2020-07-07 00:00:00
BNBUSDT,1594108800000,0.00098882,2020-07-07 08:00:00
BNBUSDT,1594137600000,0.00088952,2020-07-07 16:00:00
BNBUSDT,1594166400000,0.00078954,2020-07-08 00:00:00
BNBUSDT,1594195200000,0.00000000,2020-07-08 08:00:00
BNBUSDT,1594224000000,0.00013316,2020-07-08 16:00:00
BNBUSDT,1594252800000,0.00048519,2020-07-09 00:00:00
BNBUSDT,1594281600000,0.00010307,2020-07-09 08:00:00
BNBUSDT,1594310400000,0.00019539,2020-07-09 16:00:00
BNBUSDT,1594339200000,0.00000000,2020-07-10 00:00:00
BNBUSDT,1594368000000,0.00004959,2020-07-10 08:00:00
BNBUSDT,1594396800000,0.00016453,2020-07-10 16:00:00
BNBUSDT,1594425600000,0.00013604,2020-07-11 00:00:00
BNBUSDT,1594454400000,0.00028831,2020-07-11 08:00:00
BNBUSDT,1594483200000,0.00000000,2020-07-11 16:00:00
BNBUSDT,1594512000000,0.00000000,2020-07-12 00:00:00
BNBUSDT,1594540800000,0.00000000,2020-07-12 08:00:00
BNBUSDT,1594569600000,0.00078054,2020-07-12 16:00:00
BNBUSDT,1594598400000,0.00095522,2020-07-13 00:00:00
BNBUSDT,1594627200000,0.00044795,2020-07-13 08:00:00
BNBUSDT,1594656000000,0.00055100,2020-07-13 16:00:00
BNBUSDT,1594684800000,0.00010593,2020-07-14 00:00:00
BNBUSDT,1594713600000,0.00066729,2020-07-14 08:00:00
BNBUSDT,1594742400000,0.00084732,2020-07-14 16:00:00
BNBUSDT,1594771200000,0.00041900,2020-07-15 00:00:00
BNBUSDT,1594800000000,0.00032947,2020-07-15 08:00:00
BNBUSDT,1594828800000,0.00023178,2020-07-15 16:00:00
BNBUSDT,1594857600000,0.00060186,2020-07-16 00:00:00
BNBUSDT,1594886400000,0.00030190,2020-07-16 08:00:00
BNBUSDT,1594915200000,0.00000000,2020-07-16 16:00:00
BNBUSDT,1594944000000,0.00000000,2020-07-17 00:00:00
BNBUSDT,1594972800000,0.00000000,2020-07-17 08:00:00
BNBUSDT,1595001600000,0.00000000,2020-07-17 16:00:00
BNBUSDT,1595030400000,0.00000000,2020-07-18 00:00:00
BNBUSDT,1595059200000,0.00000000,2020-07-18 08:00:00
BNBUSDT,1595088000000,0.00000000,2020-07-18 16:00:00
BNBUSDT,1595116800000,0.00000000,2020-07-19 00:00:00
BNBUSDT,1595145600000,0.00000000,2020-07-19 08:00:00
BNBUSDT,1595174400000,0.00000000,2020-07-19 16:00:00
BNBUSDT,1595203200000,0.00054102,2020-07-20 00:00:00
BNBUSDT,1595232000000,0.00000000,2020-07-20 08:00:00
BNBUSDT,1595260800000,0.00045980,2020-07-20 16:00:00
BNBUSDT,1595289600000,0.00027418,2020-07-21 00:00:00
BNBUSDT,1595318400000,0.00069242,2020-07-21 08:00:00
BNBUSDT,1595347200000,0.00000000,2020-07-21 16:00:00
BNBUSDT,1595376000000,0.00000000,2020-07-22 00:00:00
BNBUSDT,1595404800000,0.00000000,2020-07-22 08:00:00
BNBUSDT,1595433600000,0.00019297,2020-07-22 16:00:00
BNBUSDT,1595462400000,0.00028134,2020-07-23 00:00:00
BNBUSDT,1595491200000,0.00000000,2020-07-23 08:00:00
BNBUSDT,1595520000000,0.00020308,2020-07-23 16:00:00
BNBUSDT,1595548800000,0.00000766,2020-07-24 00:00:00
BNBUSDT,1595577600000,0.00000000,2020-07-24 08:00:00
BNBUSDT,1595606400000,0.00020401,2020-07-24 16:00:00
BNBUSDT,1595635200000,0.00004774,2020-07-25 00:00:00
BNBUSDT,1595664000000,0.00003634,2020-07-25 08:00:00
BNBUSDT,1595692800000,0.00000000,2020-07-25 16:00:00
BNBUSDT,1595721600000,0.00012314,2020-07-26 00:00:00
BNBUSDT,1595750400000,0.00052438,2020-07-26 08:00:00
BNBUSDT,1595779200000,0.00015007,2020-07-26 16:00:00
BNBUSDT,1595808000000,0.00014051,2020-07-27 00:00:00
BNBUSDT,1595836800000,0.00073344,2020-07-27 08:00:00
BNBUSDT,1595865600000,0.00015918,2020-07-27 16:00:00
BNBUSDT,1595894400000,0.00012999,2020-07-28 00:00:00
BNBUSDT,1595923200000,0.00027606,2020-07-28 08:00:00
BNBUSDT,1595952000000,0.00076482,2020-07-28 16:00:00
BNBUSDT,1595980800000,0.00017989,2020-07-29 00:00:00
BNBUSDT,1596009600000,0.00062354,2020-07-29 08:00:00
BNBUSDT,1596038400000,0.00068354,2020-07-29 16:00:00
BNBUSDT,1596067200000,0.00054630,2020-07-30 00:00:00
BNBUSDT,1596096000000,0.00044976,2020-07-30 08:00:00
BNBUSDT,1596124800000,0.00042414,2020-07-30 16:00:00
BNBUSDT,1596153600000,0.00061617,2020-07-31 00:00:00
BNBUSDT,1596182400000,0.00051379,2020-07-31 08:00:00
BNBUSDT,1596211200000,0.00024454,2020-07-31 16:00:00
BNBUSDT,1596240000000,0.00010009,2020-08-01 00:00:00
BNBUSDT,1596268800000,0.00027659,2020-08-01 08:00:00
BNBUSDT,1596297600000,0.00022820,2020-08-01 16:00:00
BNBUSDT,1596326400000,0.00129589,2020-08-02 00:00:00
BNBUSDT,1596355200000,0.00000000,2020-08-02 08:00:00
BNBUSDT,1596384000000,0.00000000,2020-08-02 16:00:00
BNBUSDT,1596412800000,0.00000000,2020-08-03 00:00:00
BNBUSDT,1596441600000,0.00000000,2020-08-03 08:00:00
BNBUSDT,1596470400000,0.00049705,2020-08-03 16:00:00
BNBUSDT,1596499200000,0.00044200,2020-08-04 00:00:00
BNBUSDT,1596528000000,0.00069085,2020-08-04 08:00:00
BNBUSDT,1596556800000,0.00060812,2020-08-04 16:00:00
BNBUSDT,1596585600000,0.00043398,2020-08-05 00:00:00
BNBUSDT,1596614400000,0.00027106,2020-08-05 08:00:00
BNBUSDT,1596643200000,0.00000000,2020-08-05 16:00:00
BNBUSDT,1596672000000,0.00000000,2020-08-06 00:00:00
BNBUSDT,1596700800000,-0.00013679,2020-08-06 08:00:00
BNBUSDT,1596729600000,-0.00020248,2020-08-06 16:00:00
BNBUSDT,1596758400000,0.00000000,2020-08-07 00:00:00
BNBUSDT,1596787200000,0.00000000,2020-08-07 08:00:00
BNBUSDT,1596816000000,0.00000000,2020-08-07 16:00:00
BNBUSDT,1596844800000,-0.00219836,2020-08-08 00:00:00
BNBUSDT,1596873600000,-0.00055752,2020-08-08 08:00:00
BNBUSDT,1596902400000,-0.00150728,2020-08-08 16:00:00
BNBUSDT,1596931200000,-0.00058693,2020-08-09 00:00:00
BNBUSDT,1596960000000,-0.00029548,2020-08-09 08:00:00
BNBUSDT,1596988800000,-0.00036793,2020-08-09 16:00:00
BNBUSDT,1597017600000,0.00000000,2020-08-10 00:00:00
BNBUSDT,1597046400000,0.00000000,2020-08-10 08:00:00
BNBUSDT,1597075200000,0.00035918,2020-08-10 16:00:00
BNBUSDT,1597104000000,0.00041831,2020-08-11 00:00:00
BNBUSDT,1597132800000,0.00024776,2020-08-11 08:00:00
BNBUSDT,1597161600000,0.00000000,2020-08-11 16:00:00
BNBUSDT,1597190400000,0.00000000,2020-08-12 00:00:00
BNBUSDT,1597219200000,0.00000000,2020-08-12 08:00:00
BNBUSDT,1597248000000,0.00019557,2020-08-12 16:00:00
BNBUSDT,1597276800000,0.00000000,2020-08-13 00:00:00
BNBUSDT,1597305600000,0.00074298,2020-08-13 08:00:00
BNBUSDT,1597334400000,0.00063237,2020-08-13 16:00:00
BNBUSDT,1597363200000,0.00075067,2020-08-14 00:00:00
BNBUSDT,1597392000000,0.00057341,2020-08-14 08:00:00
BNBUSDT,1597420800000,0.00097859,2020-08-14 16:00:00
BNBUSDT,1597449600000,0.00014737,2020-08-15 00:00:00
BNBUSDT,1597478400000,0.00038377,2020-08-15 08:00:00
BNBUSDT,1597507200000,0.00053827,2020-08-15 16:00:00
BNBUSDT,1597536000000,0.00042953,2020-08-16 00:00:00
BNBUSDT,1597564800000,0.00017072,2020-08-16 08:00:00
BNBUSDT,1597593600000,0.00014081,2020-08-16 16:00:00
BNBUSDT,1597622400000,0.00066913,2020-08-17 00:00:00
BNBUSDT,1597651200000,0.00057460,2020-08-17 08:00:00
BNBUSDT,1597680000000,0.00047913,2020-08-17 16:00:00
BNBUSDT,1597708800000,0.00156863,2020-08-18 00:00:00
BNBUSDT,1597737600000,0.00080128,2020-08-18 08:00:00
BNBUSDT,1597766400000,0.00047931,2020-08-18 16:00:00
BNBUSDT,1597795200000,0.00014429,2020-08-19 00:00:00
BNBUSDT,1597824000000,0.00015509,2020-08-19 08:00:00
BNBUSDT,1597852800000,0.00037422,2020-08-19 16:00:00
BNBUSDT,1597881600000,0.00133633,2020-08-20 00:00:00
BNBUSDT,1597910400000,0.00040410,2020-08-20 08:00:00
BNBUSDT,1597939200000,0.00045232,2020-08-20 16:00:00
BNBUSDT,1597968000000,0.00072622,2020-08-21 00:00:00
BNBUSDT,1597996800000,0.00024740,2020-08-21 08:00:00
BNBUSDT,1598025600000,0.00015440,2020-08-21 16:00:00
BNBUSDT,1598054400000,0.00016151,2020-08-22 00:00:00
BNBUSDT,1598083200000,0.00000000,2020-08-22 08:00:00
BNBUSDT,1598112000000,0.00007395,2020-08-22 16:00:00
BNBUSDT,1598140800000,0.00027256,2020-08-23 00:00:00
BNBUSDT,1598169600000,0.00023605,2020-08-23 08:00:00
BNBUSDT,1598198400000,0.00006471,2020-08-23 16:00:00
BNBUSDT,1598227200000,0.00000000,2020-08-24 00:00:00
BNBUSDT,1598256000000,0.00013740,2020-08-24 08:00:00
BNBUSDT,1598284800000,0.00031156,2020-08-24 16:00:00
BNBUSDT,1598313600000,0.00039606,2020-08-25 00:00:00
BNBUSDT,1598342400000,0.00015343,2020-08-25 08:00:00
BNBUSDT,1598371200000,0.00027732,2020-08-25 16:00:00
BNBUSDT,1598400000000,0.00018175,2020-08-26 00:00:00
BNBUSDT,1598428800000,0.00014978,2020-08-26 08:00:00
BNBUSDT,1598457600000,0.00026014,2020-08-26 16:00:00
BNBUSDT,1598486400000,0.00019237,2020-08-27 00:00:00
BNBUSDT,1598515200000,0.00012595,2020-08-27 08:00:00
BNBUSDT,1598544000000,0.00020294,2020-08-27 16:00:00
BNBUSDT,1598572800000,0.00016187,2020-08-28 00:00:00
BNBUSDT,1598601600000,0.00065202,2020-08-28 08:00:00
BNBUSDT,1598630400000,0.00063368,2020-08-28 16:00:00
BNBUSDT,1598659200000,0.00010505,2020-08-29 00:00:00
BNBUSDT,1598688000000,0.00031093,2020-08-29 08:00:00
BNBUSDT,1598716800000,0.00038383,2020-08-29 16:00:00
BNBUSDT,1598745600000,0.00048968,2020-08-30 00:00:00
BNBUSDT,1598774400000,0.00025350,2020-08-30 08:00:00
BNBUSDT,1598803200000,0.00070995,2020-08-30 16:00:00
BNBUSDT,1598832000000,0.00084799,2020-08-31 00:00:00
BNBUSDT,1598860800000,0.00038615,2020-08-31 08:00:00
BNBUSDT,1598889600000,0.00014816,2020-08-31 16:00:00
BNBUSDT,1598918400000,0.00052251,2020-09-01 00:00:00
BNBUSDT,1598947200000,0.00068999,2020-09-01 08:00:00
BNBUSDT,1598976000000,0.00106256,2020-09-01 16:00:00
BNBUSDT,1599004800000,0.00200590,2020-09-02 00:00:00
BNBUSDT,1599033600000,0.00070794,2020-09-02 08:00:00
BNBUSDT,1599062400000,0.00037792,2020-09-02 16:00:00
BNBUSDT,1599091200000,0.00048099,2020-09-03 00:00:00
BNBUSDT,1599120000000,0.00015812,2020-09-03 08:00:00
BNBUSDT,1599148800000,0.00032226,2020-09-03 16:00:00
BNBUSDT,1599177600000,0.00000000,2020-09-04 00:00:00
BNBUSDT,1599206400000,0.00000000,2020-09-04 08:00:00
BNBUSDT,1599235200000,-0.00009235,2020-09-04 16:00:00
BNBUSDT,1599264000000,-0.00035671,2020-09-05 00:00:00
BNBUSDT,1599292800000,0.00000000,2020-09-05 08:00:00
BNBUSDT,1599321600000,-0.00098128,2020-09-05 16:00:00
BNBUSDT,1599350400000,-0.00227287,2020-09-06 00:00:00
BNBUSDT,1599379200000,-0.00038531,2020-09-06 08:00:00
BNBUSDT,1599408000000,0.00000000,2020-09-06 16:00:00
BNBUSDT,1599436800000,0.00000000,2020-09-07 00:00:00
BNBUSDT,1599465600000,0.00000000,2020-09-07 08:00:00
BNBUSDT,1599494400000,-0.00145349,2020-09-07 16:00:00
BNBUSDT,1599523200000,-0.00081396,2020-09-08 00:00:00
BNBUSDT,1599552000000,-0.00186081,2020-09-08 08:00:00
BNBUSDT,1599580800000,-0.00095672,2020-09-08 16:00:00
BNBUSDT,1599609600000,-0.00112424,2020-09-09 00:00:00
BNBUSDT,1599638400000,-0.00151416,2020-09-09 08:00:00
BNBUSDT,1599667200000,-0.00007669,2020-09-09 16:00:00
BNBUSDT,1599696000000,-0.00014308,2020-09-10 00:00:00
BNBUSDT,1599724800000,0.00000000,2020-09-10 08:00:00
BNBUSDT,1599753600000,-0.00005155,2020-09-10 16:00:00
BNBUSDT,1599782400000,-0.00055362,2020-09-11 00:00:00
BNBUSDT,1599811200000,-0.00055812,2020-09-11 08:00:00
BNBUSDT,1599840000000,-0.00015613,2020-09-11 16:00:00
BNBUSDT,1599868800000,-0.00044648,2020-09-12 00:00:00
BNBUSDT,1599897600000,-0.00091674,2020-09-12 08:00:00
BNBUSDT,1599926400000,-0.00171385,2020-09-12 16:00:00
BNBUSDT,1599955200000,-0.00136262,2020-09-13 00:00:00
BNBUSDT,1599984000000,-0.00046387,2020-09-13 08:00:00
BNBUSDT,1600012800000,-0.00218179,2020-09-13 16:00:00
BNBUSDT,1600041600000,-0.00170488,2020-09-14 00:00:00
BNBUSDT,1600070400000,-0.00177477,2020-09-14 08:00:00
BNBUSDT,1600099200000,-0.00250290,2020-09-14 16:00:00
BNBUSDT,1600128000000,-0.00162444,2020-09-15 00:00:00
BNBUSDT,1600156800000,-0.00050242,2020-09-15 08:00:00
BNBUSDT,1600185600000,-0.00216920,2020-09-15 16:00:00
BNBUSDT,1600214400000,-0.00066392,2020-09-16 00:00:00
BNBUSDT,1600243200000,-0.00044773,2020-09-16 08:00:00
BNBUSDT,1600272000000,-0.00158392,2020-09-16 16:00:00
BNBUSDT,1600300800000,-0.00065281,2020-09-17 00:00:00
BNBUSDT,1600329600000,-0.00007914,2020-09-17 08:00:00
BNBUSDT,1600358400000,0.00000000,2020-09-17 16:00:00
BNBUSDT,1600387200000,-0.00013131,2020-09-18 00:00:00
BNBUSDT,1600416000000,-0.00116222,2020-09-18 08:00:00
BNBUSDT,1600444800000,0.00000000,2020-09-18 16:00:00
BNBUSDT,1600473600000,0.00000000,2020-09-19 00:00:00
BNBUSDT,1600502400000,0.00000099,2020-09-19 08:00:00
BNBUSDT,1600531200000,0.00036939,2020-09-19 16:00:00
BNBUSDT,1600560000000,0.00046118,2020-09-20 00:00:00
BNBUSDT,1600588800000,0.00042487,2020-09-20 08:00:00
BNBUSDT,1600617600000,0.00000000,2020-09-20 16:00:00
BNBUSDT,1600646400000,0.00006052,2020-09-21 00:00:00
BNBUSDT,1600675200000,0.00000000,2020-09-21 08:00:00
BNBUSDT,1600704000000,0.00000000,2020-09-21 16:00:00
BNBUSDT,1600732800000,0.00000000,2020-09-22 00:00:00
BNBUSDT,1600761600000,0.00000000,2020-09-22 08:00:00
BNBUSDT,1600790400000,0.00000000,2020-09-22 16:00:00
BNBUSDT,1600819200000,0.00000000,2020-09-23 00:00:00
BNBUSDT,1600848000000,0.00000000,2020-09-23 08:00:00
BNBUSDT,1600876800000,0.00000000,2020-09-23 16:00:00
BNBUSDT,1600905600000,0.00000000,2020-09-24 00:00:00
BNBUSDT,1600934400000,0.00000000,2020-09-24 08:00:00
BNBUSDT,1600963200000,0.00000000,2020-09-24 16:00:00
BNBUSDT,1600992000000,0.00000000,2020-09-25 00:00:00
BNBUSDT,1601020800000,-0.00014236,2020-09-25 08:00:00
BNBUSDT,1601049600000,0.00000000,2020-09-25 16:00:00
BNBUSDT,1601078400000,0.00000000,2020-09-26 00:00:00
BNBUSDT,1601107200000,0.00000000,2020-09-26 08:00:00
BNBUSDT,1601136000000,0.00000000,2020-09-26 16:00:00
BNBUSDT,1601164800000,-0.00067742,2020-09-27 00:00:00
BNBUSDT,1601193600000,-0.00135555,2020-09-27 08:00:00
BNBUSDT,1601222400000,-0.00065884,2020-09-27 16:00:00
BNBUSDT,1601251200000,-0.00098357,2020-09-28 00:00:00
BNBUSDT,1601280000000,0.00000000,2020-09-28 08:00:00
BNBUSDT,1601308800000,-0.00060424,2020-09-28 16:00:00
BNBUSDT,1601337600000,-0.00160076,2020-09-29 00:00:00
BNBUSDT,1601366400000,-0.00138124,2020-09-29 08:00:00
BNBUSDT,1601395200000,-0.00151000,2020-09-29 16:00:00
BNBUSDT,1601424000000,-0.00066187,2020-09-30 00:00:00
BNBUSDT,1601452800000,-0.00223882,2020-09-30 08:00:00
BNBUSDT,1601481600000,-0.00281779,2020-09-30 16:00:00
BNBUSDT,1601510400000,-0.00123407,2020-10-01 00:00:00
BNBUSDT,1601539200000,-0.00076986,2020-10-01 08:00:00
BNBUSDT,1601568000000,-0.00066939,2020-10-01 16:00:00
BNBUSDT,1601596800000,-0.00071798,2020-10-02 00:00:00
BNBUSDT,1601625600000,-0.00122515,2020-10-02 08:00:00
BNBUSDT,1601654400000,-0.00044083,2020-10-02 16:00:00
BNBUSDT,1601683200000,-0.00080154,2020-10-03 00:00:00
BNBUSDT,1601712000000,-0.00154240,2020-10-03 08:00:00
BNBUSDT,1601740800000,-0.00174458,2020-10-03 16:00:00
BNBUSDT,1601769600000,-0.00219036,2020-10-04 00:00:00
BNBUSDT,1601798400000,-0.00239764,2020-10-04 08:00:00
BNBUSDT,1601827200000,-0.00220642,2020-10-04 16:00:00
BNBUSDT,1601856000000,-0.00209453,2020-10-05 00:00:00
BNBUSDT,1601884800000,-0.00209556,2020-10-05 08:00:00
BNBUSDT,1601913600000,-0.00079132,2020-10-05 16:00:00
BNBUSDT,1601942400000,-0.00049700,2020-10-06 00:00:00
BNBUSDT,1601971200000,-0.00149526,2020-10-06 08:00:00
BNBUSDT,1602000000000,-0.00081215,2020-10-06 16:00:00
BNBUSDT,1602028800000,-0.00070831,2020-10-07 00:00:00
BNBUSDT,1602057600000,-0.00057549,2020-10-07 08:00:00
BNBUSDT,1602086400000,-0.00034934,2020-10-07 16:00:00
BNBUSDT,1602115200000,-0.00053273,2020-10-08 00:00:00
BNBUSDT,1602144000000,0.00000000,2020-10-08 08:00:00
BNBUSDT,1602172800000,0.00000000,2020-10-08 16:00:00
BNBUSDT,1602201600000,-0.00020094,2020-10-09 00:00:00
BNBUSDT,1602230400000,0.00000000,2020-10-09 08:00:00
BNBUSDT,1602259200000,-0.00019960,2020-10-09 16:00:00
BNBUSDT,1602288000000,-0.00087665,2020-10-10 00:00:00
BNBUSDT,1602316800000,0.00000000,2020-10-10 08:00:00
BNBUSDT,1602345600000,0.00000000,2020-10-10 16:00:00
BNBUSDT,1602374400000,0.00000000,2020-10-11 00:00:00
BNBUSDT,1602403200000,0.00000000,2020-10-11 08:00:00
BNBUSDT,1602432000000,0.00000000,2020-10-11 16:00:00
BNBUSDT,1602460800000,0.00000000,2020-10-12 00:00:00
BNBUSDT,1602489600000,0.00000000,2020-10-12 08:00:00
BNBUSDT,1602518400000,-0.00041136,2020-10-12 16:00:00
BNBUSDT,1602547200000,-0.00184087,2020-10-13 00:00:00
BNBUSDT,1602576000000,-0.00102663,2020-10-13 08:00:00
BNBUSDT,1602604800000,-0.00102110,2020-10-13 16:00:00
BNBUSDT,1602633600000,-0.00127855,2020-10-14 00:00:00
BNBUSDT,1602662400000,-0.00057013,2020-10-14 08:00:00
BNBUSDT,1602691200000,-0.00069117,2020-10-14 16:00:00
BNBUSDT,1602720000000,-0.00055756,2020-10-15 00:00:00
BNBUSDT,1602748800000,-0.00089281,2020-10-15 08:00:00
BNBUSDT,1602777600000,-0.00153060,2020-10-15 16:00:00
BNBUSDT,1602806400000,0.00000000,2020-10-16 00:00:00
BNBUSDT,1602835200000,0.00000000,2020-10-16 08:00:00
BNBUSDT,1602864000000,-0.00006873,2020-10-16 16:00:00
BNBUSDT,1602892800000,0.00000000,2020-10-17 00:00:00
BNBUSDT,1602921600000,0.00000000,2020-10-17 08:00:00
BNBUSDT,1602950400000,-0.00012938,2020-10-17 16:00:00
BNBUSDT,1602979200000,0.00000000,2020-10-18 00:00:00
BNBUSDT,1603008000000,-0.00015302,2020-10-18 08:00:00
BNBUSDT,1603036800000,0.00000000,2020-10-18 16:00:00
BNBUSDT,1603065600000,-0.00013596,2020-10-19 00:00:00
BNBUSDT,1603094400000,-0.00013061,2020-10-19 08:00:00
BNBUSDT,1603123200000,-0.00018203,2020-10-19 16:00:00
BNBUSDT,1603152000000,0.00000000,2020-10-20 00:00:00
BNBUSDT,1603180800000,0.00000000,2020-10-20 08:00:00
BNBUSDT,1603209600000,0.00000000,2020-10-20 16:00:00
BNBUSDT,1603238400000,0.00000000,2020-10-21 00:00:00
BNBUSDT,1603267200000,0.00000000,2020-10-21 08:00:00
BNBUSDT,1603296000000,0.00000000,2020-10-21 16:00:00
BNBUSDT,1603324800000,0.00000000,2020-10-22 00:00:00
BNBUSDT,1603353600000,0.00043594,2020-10-22 08:00:00
BNBUSDT,1603382400000,0.00023644,2020-10-22 16:00:00
BNBUSDT,1603411200000,0.00015567,2020-10-23 00:00:00
BNBUSDT,1603440000000,0.00000000,2020-10-23 08:00:00
BNBUSDT,1603468800000,0.00000000,2020-10-23 16:00:00
BNBUSDT,1603497600000,0.00000000,2020-10-24 00:00:00
BNBUSDT,1603526400000,0.00000000,2020-10-24 08:00:00
BNBUSDT,1603555200000,0.00000000,2020-10-24 16:00:00
BNBUSDT,1603584000000,0.00000000,2020-10-25 00:00:00
BNBUSDT,1603612800000,0.00000000,2020-10-25 08:00:00
BNBUSDT,1603641600000,0.00000000,2020-10-25 16:00:00
BNBUSDT,1603670400000,0.00000000,2020-10-26 00:00:00
BNBUSDT,1603699200000,0.00000000,2020-10-26 08:00:00
BNBUSDT,1603728000000,-0.00029603,2020-10-26 16:00:00
BNBUSDT,1603756800000,-0.00033136,2020-10-27 00:00:00
BNBUSDT,1603785600000,0.00000000,2020-10-27 08:00:00
BNBUSDT,1603814400000,0.00000000,2020-10-27 16:00:00
BNBUSDT,1603843200000,0.00000000,2020-10-28 00:00:00
BNBUSDT,1603872000000,0.00000000,2020-10-28 08:00:00
BNBUSDT,1603900800000,0.00000000,2020-10-28 16:00:00
BNBUSDT,1603929600000,0.00000000,2020-10-29 00:00:00
BNBUSDT,1603958400000,0.00000000,2020-10-29 08:00:00
BNBUSDT,1603987200000,0.00000000,2020-10-29 16:00:00
BNBUSDT,1604016000000,0.00000000,2020-10-30 00:00:00
BNBUSDT,1604044800000,-0.00055634,2020-10-30 08:00:00
BNBUSDT,1604073600000,0.00000000,2020-10-30 16:00:00
BNBUSDT,1604102400000,0.00002876,2020-10-31 00:00:00
BNBUSDT,1604131200000,0.00000000,2020-10-31 08:00:00
BNBUSDT,1604160000000,0.00001981,2020-10-31 16:00:00
BNBUSDT,1604188800000,0.00000000,2020-11-01 00:00:00
BNBUSDT,1604217600000,0.00000000,2020-11-01 08:00:00
BNBUSDT,1604246400000,0.00017913,2020-11-01 16:00:00
BNBUSDT,1604275200000,0.00018021,2020-11-02 00:00:00
BNBUSDT,1604304000000,0.00000000,2020-11-02 08:00:00
BNBUSDT,1604332800000,0.00000000,2020-11-02 16:00:00
BNBUSDT,1604361600000,0.00000000,2020-11-03 00:00:00
BNBUSDT,1604390400000,0.00000000,2020-11-03 08:00:00
BNBUSDT,1604419200000,0.00000000,2020-11-03 16:00:00
BNBUSDT,1604448000000,0.00000000,2020-11-04 00:00:00
BNBUSDT,1604476800000,0.00008636,2020-11-04 08:00:00
BNBUSDT,1604505600000,0.00000000,2020-11-04 16:00:00
BNBUSDT,1604534400000,0.00000000,2020-11-05 00:00:00
BNBUSDT,1604563200000,0.00000000,2020-11-05 08:00:00
BNBUSDT,1604592000000,0.00026077,2020-11-05 16:00:00
BNBUSDT,1604620800000,0.00042530,2020-11-06 00:00:00
BNBUSDT,1604649600000,0.00028471,2020-11-06 08:00:00
BNBUSDT,1604678400000,0.00080594,2020-11-06 16:00:00
BNBUSDT,1604707200000,0.00082688,2020-11-07 00:00:00
BNBUSDT,1604736000000,0.00050306,2020-11-07 08:00:00
BNBUSDT,1604764800000,0.00066532,2020-11-07 16:00:00
BNBUSDT,1604793600000,0.00006083,2020-11-08 00:00:00
BNBUSDT,1604822400000,0.00024159,2020-11-08 08:00:00
BNBUSDT,1604851200000,0.00000312,2020-11-08 16:00:00
BNBUSDT,1604880000000,0.00026115,2020-11-09 00:00:00
BNBUSDT,1604908800000,0.00017870,2020-11-09 08:00:00
BNBUSDT,1604937600000,0.00031898,2020-11-09 16:00:00
BNBUSDT,1604966400000,0.00066931,2020-11-10 00:00:00
BNBUSDT,1604995200000,0.00020756,2020-11-10 08:00:00
BNBUSDT,1605024000000,0.00040816,2020-11-10 16:00:00
BNBUSDT,1605052800000,0.00048119,2020-11-11 00:00:00
BNBUSDT,1605081600000,0.00050153,2020-11-11 08:00:00
BNBUSDT,1605110400000,0.00041231,2020-11-11 16:00:00
BNBUSDT,1605139200000,0.00021018,2020-11-12 00:00:00
BNBUSDT,1605168000000,0.00041082,2020-11-12 08:00:00
BNBUSDT,1605196800000,0.00028223,2020-11-12 16:00:00
BNBUSDT,1605225600000,0.00012098,2020-11-13 00:00:00
BNBUSDT,1605254400000,0.00068895,2020-11-13 08:00:00
BNBUSDT,1605283200000,0.00000000,2020-11-13 16:00:00
BNBUSDT,1605312000000,0.00026108,2020-11-14 00:00:00
BNBUSDT,1605340800000,0.00007188,2020-11-14 08:00:00
BNBUSDT,1605369600000,0.00045721,2020-11-14 16:00:00
BNBUSDT,1605398400000,0.00000000,2020-11-15 00:00:00
BNBUSDT,1605427200000,0.00000000,2020-11-15 08:00:00
BNBUSDT,1605456000000,0.00000000,2020-11-15 16:00:00
BNBUSDT,1605484800000,0.00012458,2020-11-16 00:00:00
BNBUSDT,1605513600000,0.00006633,2020-11-16 08:00:00
BNBUSDT,1605542400000,0.00028833,2020-11-16 16:00:00
BNBUSDT,1605571200000,0.00037759,2020-11-17 00:00:00
BNBUSDT,1605600000000,0.00064437,2020-11-17 08:00:00
BNBUSDT,1605628800000,0.00032459,2020-11-17 16:00:00
BNBUSDT,1605657600000,0.00078963,2020-11-18 00:00:00
BNBUSDT,1605686400000,0.00020545,2020-11-18 08:00:00
BNBUSDT,1605715200000,0.00076341,2020-11-18 16:00:00
BNBUSDT,1605744000000,0.00023643,2020-11-19 00:00:00
BNBUSDT,1605772800000,0.00019603,2020-11-19 08:00:00
BNBUSDT,1605801600000,0.00041661,2020-11-19 16:00:00
BNBUSDT,1605830400000,0.00000000,2020-11-20 00:00:00
BNBUSDT,1605859200000,0.00000000,2020-11-20 08:00:00
BNBUSDT,1605888000000,0.00073079,2020-11-20 16:00:00
BNBUSDT,1605916800000,0.00090816,2020-11-21 00:00:00
BNBUSDT,1605945600000,0.00066893,2020-11-21 08:00:00
BNBUSDT,1605974400000,0.00138168,2020-11-21 16:00:00
BNBUSDT,1606003200000,0.00095751,2020-11-22 00:00:00
BNBUSDT,1606032000000,0.00073493,2020-11-22 08:00:00
BNBUSDT,1606060800000,0.00045091,2020-11-22 16:00:00
BNBUSDT,1606089600000,0.00146231,2020-11-23 00:00:00
BNBUSDT,1606118400000,0.00159497,2020-11-23 08:00:00
BNBUSDT,1606147200000,0.00165330,2020-11-23 16:00:00
BNBUSDT,1606176000000,0.00052801,2020-11-24 00:00:00
BNBUSDT,1606204800000,0.00226902,2020-11-24 08:00:00
BNBUSDT,1606233600000,0.00102967,2020-11-24 16:00:00
BNBUSDT,1606262400000,0.00079941,2020-11-25 00:00:00
BNBUSDT,1606291200000,0.00045736,2020-11-25 08:00:00
BNBUSDT,1606320000000,0.00163660,2020-11-25 16:00:00
BNBUSDT,1606348800000,0.00023057,2020-11-26 00:00:00
BNBUSDT,1606377600000,0.00000000,2020-11-26 08:00:00
BNBUSDT,1606406400000,0.00000000,2020-11-26 16:00:00
BNBUSDT,1606435200000,0.00000000,2020-11-27 00:00:00
BNBUSDT,1606464000000,0.00000000,2020-11-27 08:00:00
BNBUSDT,1606492800000,0.00017518,2020-11-27 16:00:00
BNBUSDT,1606521600000,0.00015890,2020-11-28 00:00:00
BNBUSDT,1606550400000,0.00003871,2020-11-28 08:00:00
BNBUSDT,1606579200000,0.00009293,2020-11-28 16:00:00
BNBUSDT,1606608000000,0.00009222,2020-11-29 00:00:00
BNBUSDT,1606636800000,0.00016366,2020-11-29 08:00:00
BNBUSDT,1606665600000,0.00000000,2020-11-29 16:00:00
BNBUSDT,1606694400000,0.00000000,2020-11-30 00:00:00
BNBUSDT,1606723200000,0.00024799,2020-11-30 08:00:00
BNBUSDT,1606752000000,0.00048125,2020-11-30 16:00:00
BNBUSDT,1606780800000,0.00067741,2020-12-01 00:00:00
BNBUSDT,1606809600000,0.00087932,2020-12-01 08:00:00
BNBUSDT,1606838400000,0.00007411,2020-12-01 16:00:00
BNBUSDT,1606867200000,0.00016771,2020-12-02 00:00:00
BNBUSDT,1606896000000,0.00042473,2020-12-02 08:00:00
BNBUSDT,1606924800000,0.00070363,2020-12-02 16:00:00
BNBUSDT,1606953600000,0.00067342,2020-12-03 00:00:00
BNBUSDT,1606982400000,0.00054614,2020-12-03 08:00:00
BNBUSDT,1607011200000,0.00073819,2020-12-03 16:00:00
BNBUSDT,1607040000000,0.00047345,2020-12-04 00:00:00
BNBUSDT,1607068800000,0.00055499,2020-12-04 08:00:00
BNBUSDT,1607097600000,0.00003769,2020-12-04 16:00:00
BNBUSDT,1607126400000,0.00003844,2020-12-05 00:00:00
BNBUSDT,1607155200000,0.00043845,2020-12-05 08:00:00
BNBUSDT,1607184000000,0.00035579,2020-12-05 16:00:00
BNBUSDT,1607212800000,0.00000000,2020-12-06 00:00:00
BNBUSDT,1607241600000,0.00000000,2020-12-06 08:00:00
BNBUSDT,1607270400000,0.00000000,2020-12-06 16:00:00
BNBUSDT,1607299200000,0.00000000,2020-12-07 00:00:00
BNBUSDT,1607328000000,0.00000000,2020-12-07 08:00:00
BNBUSDT,1607356800000,0.00007966,2020-12-07 16:00:00
BNBUSDT,1607385600000,0.00001597,2020-12-08 00:00:00
BNBUSDT,1607414400000,0.00000000,2020-12-08 08:00:00
BNBUSDT,1607443200000,0.00000000,2020-12-08 16:00:00
BNBUSDT,1607472000000,0.00000000,2020-12-09 00:00:00
BNBUSDT,1607500800000,0.00000000,2020-12-09 08:00:00
BNBUSDT,1607529600000,0.00000000,2020-12-09 16:00:00
BNBUSDT,1607558400000,0.00000000,2020-12-10 00:00:00
BNBUSDT,1607587200000,0.00000000,2020-12-10 08:00:00
BNBUSDT,1607616000000,0.00000000,2020-12-10 16:00:00
BNBUSDT,1607644800000,0.00000000,2020-12-11 00:00:00
BNBUSDT,1607673600000,0.00000000,2020-12-11 08:00:00
BNBUSDT,1607702400000,0.00000000,2020-12-11 16:00:00
BNBUSDT,1607731200000,0.00021507,2020-12-12 00:00:00
BNBUSDT,1607760000000,0.00000000,2020-12-12 08:00:00
BNBUSDT,1607788800000,0.00000000,2020-12-12 16:00:00
BNBUSDT,1607817600000,0.00000000,2020-12-13 00:00:00
BNBUSDT,1607846400000,0.00000000,2020-12-13 08:00:00
BNBUSDT,1607875200000,0.00075115,2020-12-13 16:00:00
BNBUSDT,1607904000000,0.00073964,2020-12-14 00:00:00
BNBUSDT,1607932800000,0.00010800,2020-12-14 08:00:00
BNBUSDT,1607961600000,0.00000000,2020-12-14 16:00:00
BNBUSDT,1607990400000,0.00000000,2020-12-15 00:00:00
BNBUSDT,1608019200000,0.00000000,2020-12-15 08:00:00
BNBUSDT,1608048000000,0.00000000,2020-12-15 16:00:00
BNBUSDT,1608076800000,0.00000000,2020-12-16 00:00:00
BNBUSDT,1608105600000,0.00000000,2020-12-16 08:00:00
BNBUSDT,1608134400000,0.00031585,2020-12-16 16:00:00
BNBUSDT,1608163200000,0.00086845,2020-12-17 00:00:00
BNBUSDT,1608192000000,0.00099769,2020-12-17 08:00:00
BNBUSDT,1608220800000,0.00115376,2020-12-17 16:00:00
BNBUSDT,1608249600000,0.00036886,2020-12-18 00:00:00
BNBUSDT,1608278400000,0.00025063,2020-12-18 08:00:00
BNBUSDT,1608307200000,0.00110820,2020-12-18 16:00:00
BNBUSDT,1608336000000,0.00068098,2020-12-19 00:00:00
BNBUSDT,1608364800000,0.00040192,2020-12-19 08:00:00
BNBUSDT,1608393600000,0.00195991,2020-12-19 16:00:00
BNBUSDT,1608422400000,0.00154561,2020-12-20 00:00:00
BNBUSDT,1608451200000,0.00171781,2020-12-20 08:00:00
BNBUSDT,1608480000000,0.00092076,2020-12-20 16:00:00
BNBUSDT,1608508800000,0.00072237,2020-12-21 00:00:00
BNBUSDT,1608537600000,0.00100009,2020-12-21 08:00:00
BNBUSDT,1608566400000,0.00000000,2020-12-21 16:00:00
BNBUSDT,1608595200000,0.00000000,2020-12-22 00:00:00
BNBUSDT,1608624000000,0.00023339,2020-12-22 08:00:00
BNBUSDT,1608652800000,0.00000000,2020-12-22 16:00:00
BNBUSDT,1608681600000,0.00022685,2020-12-23 00:00:00
BNBUSDT,1608710400000,0.00000000,2020-12-23 08:00:00
BNBUSDT,1608739200000,0.00011562,2020-12-23 16:00:00
BNBUSDT,1608768000000,0.00000000,2020-12-24 00:00:00
BNBUSDT,1608796800000,0.00000000,2020-12-24 08:00:00
BNBUSDT,1608825600000,0.00000000,2020-12-24 16:00:00
BNBUSDT,1608854400000,0.00000000,2020-12-25 00:00:00
BNBUSDT,1608883200000,0.00000000,2020-12-25 08:00:00
BNBUSDT,1608912000000,0.00010832,2020-12-25 16:00:00
BNBUSDT,1608940800000,0.00000000,2020-12-26 00:00:00
BNBUSDT,1608969600000,0.00003928,2020-12-26 08:00:00
BNBUSDT,1608998400000,0.00007426,2020-12-26 16:00:00
BNBUSDT,1609027200000,0.00013631,2020-12-27 00:00:00
BNBUSDT,1609056000000,0.00056858,2020-12-27 08:00:00
BNBUSDT,1609084800000,0.00040994,2020-12-27 16:00:00
BNBUSDT,1609113600000,0.00055837,2020-12-28 00:00:00
BNBUSDT,1609142400000,0.00049391,2020-12-28 08:00:00
BNBUSDT,1609171200000,0.00078046,2020-12-28 16:00:00
BNBUSDT,1609200000000,0.00153255,2020-12-29 00:00:00
BNBUSDT,1609228800000,0.00052219,2020-12-29 08:00:00
BNBUSDT,1609257600000,0.00043125,2020-12-29 16:00:00
BNBUSDT,1609286400000,0.00046595,2020-12-30 00:00:00
BNBUSDT,1609315200000,0.00061042,2020-12-30 08:00:00
BNBUSDT,1609344000000,0.00080909,2020-12-30 16:00:00
BNBUSDT,1609372800000,0.00053089,2020-12-31 00:00:00
BNBUSDT,1609401600000,0.00069171,2020-12-31 08:00:00
BNBUSDT,1609430400000,0.00051749,2020-12-31 16:00:00
BNBUSDT,1609459200000,0.00059170,2021-01-01 00:00:00
BNBUSDT,1609488000000,0.00056828,2021-01-01 08:00:00
BNBUSDT,1609516800000,0.00087348,2021-01-01 16:00:00
BNBUSDT,1609545600000,0.00011634,2021-01-02 00:00:00
BNBUSDT,1609574400000,0.00033705,2021-01-02 08:00:00
BNBUSDT,1609603200000,0.00067125,2021-01-02 16:00:00
BNBUSDT,1609632000000,0.00062325,2021-01-03 00:00:00
BNBUSDT,1609660800000,0.00137736,2021-01-03 08:00:00
BNBUSDT,1609689600000,0.00189349,2021-01-03 16:00:00
BNBUSDT,1609718400000,0.00287483,2021-01-04 00:00:00
BNBUSDT,1609747200000,0.00343153,2021-01-04 08:00:00
BNBUSDT,1609776000000,0.00112134,2021-01-04 16:00:00
BNBUSDT,1609804800000,0.00089558,2021-01-05 00:00:00
BNBUSDT,1609833600000,0.00039534,2021-01-05 08:00:00
BNBUSDT,1609862400000,0.00088404,2021-01-05 16:00:00
BNBUSDT,1609891200000,0.00124305,2021-01-06 00:00:00
BNBUSDT,1609920000000,0.00257128,2021-01-06 08:00:00
BNBUSDT,1609948800000,0.00282457,2021-01-06 16:00:00
BNBUSDT,1609977600000,0.00138368,2021-01-07 00:00:00
BNBUSDT,1610006400000,0.00157182,2021-01-07 08:00:00
BNBUSDT,1610035200000,0.00183982,2021-01-07 16:00:00
BNBUSDT,1610064000000,0.00136268,2021-01-08 00:00:00
BNBUSDT,1610092800000,0.00021238,2021-01-08 08:00:00
BNBUSDT,1610121600000,0.00065217,2021-01-08 16:00:00
BNBUSDT,1610150400000,0.00030532,2021-01-09 00:00:00
BNBUSDT,1610179200000,0.00011567,2021-01-09 08:00:00
BNBUSDT,1610208000000,0.00023037,2021-01-09 16:00:00
BNBUSDT,1610236800000,0.00139198,2021-01-10 00:00:00
BNBUSDT,1610265600000,0.00090640,2021-01-10 08:00:00
BNBUSDT,1610294400000,0.00003780,2021-01-10 16:00:00
BNBUSDT,1610323200000,0.00000000,2021-01-11 00:00:00
BNBUSDT,1610352000000,0.00000000,2021-01-11 08:00:00
BNBUSDT,1610380800000,0.00000000,2021-01-11 16:00:00
BNBUSDT,1610409600000,0.00000000,2021-01-12 00:00:00
BNBUSDT,1610438400000,0.00000000,2021-01-12 08:00:00
BNBUSDT,1610467200000,0.00000000,2021-01-12 16:00:00
BNBUSDT,1610496000000,0.00000000,2021-01-13 00:00:00
BNBUSDT,1610524800000,0.00015524,2021-01-13 08:00:00
BNBUSDT,1610553600000,0.00043853,2021-01-13 16:00:00
BNBUSDT,1610582400000,0.00027043,2021-01-14 00:00:00
BNBUSDT,1610611200000,0.00084769,2021-01-14 08:00:00
BNBUSDT,1610640000000,0.00092805,2021-01-14 16:00:00
BNBUSDT,1610668800000,0.00054411,2021-01-15 00:00:00
BNBUSDT,1610697600000,0.00070940,2021-01-15 08:00:00
BNBUSDT,1610726400000,0.00078102,2021-01-15 16:00:00
BNBUSDT,1610755200000,0.00030613,2021-01-16 00:00:00
BNBUSDT,1610784000000,0.00063134,2021-01-16 08:00:00
BNBUSDT,1610812800000,0.00117698,2021-01-16 16:00:00
BNBUSDT,1610841600000,0.00117036,2021-01-17 00:00:00
BNBUSDT,1610870400000,0.00073946,2021-01-17 08:00:00
BNBUSDT,1610899200000,0.00083505,2021-01-17 16:00:00
BNBUSDT,1610928000000,0.00037017,2021-01-18 00:00:00
BNBUSDT,1610956800000,0.00127435,2021-01-18 08:00:00
BNBUSDT,1610985600000,0.00172842,2021-01-18 16:00:00
BNBUSDT,1611014400000,0.00126416,2021-01-19 00:00:00
BNBUSDT,1611043200000,0.00227175,2021-01-19 08:00:00
BNBUSDT,1611072000000,0.00118764,2021-01-19 16:00:00
BNBUSDT,1611100800000,0.00000000,2021-01-20 00:00:00
BNBUSDT,1611129600000,0.00000000,2021-01-20 08:00:00
BNBUSDT,1611158400000,0.00000000,2021-01-20 16:00:00
BNBUSDT,1611187200000,0.00022178,2021-01-21 00:00:00
BNBUSDT,1611216000000,0.00020751,2021-01-21 08:00:00
BNBUSDT,1611244800000,0.00001846,2021-01-21 16:00:00
BNBUSDT,1611273600000,0.00030046,2021-01-22 00:00:00
BNBUSDT,1611302400000,0.00000000,2021-01-22 08:00:00
BNBUSDT,1611331200000,0.00000000,2021-01-22 16:00:00
BNBUSDT,1611360000000,0.00000000,2021-01-23 00:00:00
BNBUSDT,1611388800000,-0.00015448,2021-01-23 08:00:00
BNBUSDT,1611417600000,0.00000000,2021-01-23 16:00:00
BNBUSDT,1611446400000,0.00029714,2021-01-24 00:00:00
BNBUSDT,1611475200000,0.00012677,2021-01-24 08:00:00
BNBUSDT,1611504000000,0.00069247,2021-01-24 16:00:00
BNBUSDT,1611532800000,0.00039638,2021-01-25 00:00:00
BNBUSDT,1611561600000,0.00079754,2021-01-25 08:00:00
BNBUSDT,1611590400000,0.00056007,2021-01-25 16:00:00
BNBUSDT,1611619200000,0.00061107,2021-01-26 00:00:00
BNBUSDT,1611648000000,0.00014018,2021-01-26 08:00:00
BNBUSDT,1611676800000,0.00026739,2021-01-26 16:00:00
BNBUSDT,1611705600000,0.00010778,2021-01-27 00:00:00
BNBUSDT,1611734400000,0.00000000,2021-01-27 08:00:00
BNBUSDT,1611763200000,0.00038909,2021-01-27 16:00:00
BNBUSDT,1611792000000,0.00006272,2021-01-28 00:00:00
BNBUSDT,1611820800000,0.00025273,2021-01-28 08:00:00
BNBUSDT,1611849600000,0.00000000,2021-01-28 16:00:00
BNBUSDT,1611878400000,-0.00071147,2021-01-29 00:00:00
BNBUSDT,1611907200000,0.00000000,2021-01-29 08:00:00
BNBUSDT,1611936000000,0.00150672,2021-01-29 16:00:00
BNBUSDT,1611964800000,0.00000000,2021-01-30 00:00:00
BNBUSDT,1611993600000,0.00000000,2021-01-30 08:00:00
BNBUSDT,1612022400000,-0.00038647,2021-01-30 16:00:00
BNBUSDT,1612051200000,0.00000000,2021-01-31 00:00:00
BNBUSDT,1612080000000,-0.00021993,2021-01-31 08:00:00
BNBUSDT,1612108800000,-0.00009557,2021-01-31 16:00:00
BNBUSDT,1612137600000,0.00000000,2021-02-01 00:00:00
BNBUSDT,1612166400000,0.00000000,2021-02-01 08:00:00
BNBUSDT,1612195200000,-0.00210508,2021-02-01 16:00:00
BNBUSDT,1612224000000,0.00000000,2021-02-02 00:00:00
BNBUSDT,1612252800000,0.00028841,2021-02-02 08:00:00
BNBUSDT,1612281600000,-0.00140269,2021-02-02 16:00:00
BNBUSDT,1612310400000,-0.00137817,2021-02-03 00:00:00
BNBUSDT,1612339200000,0.00000000,2021-02-03 08:00:00
BNBUSDT,1612368000000,-0.00000341,2021-02-03 16:00:00
BNBUSDT,1612396800000,-0.00018986,2021-02-04 00:00:00
BNBUSDT,1612425600000,0.00000000,2021-02-04 08:00:00
BNBUSDT,1612454400000,-0.00028705,2021-02-04 16:00:00
BNBUSDT,1612483200000,-0.00007679,2021-02-05 00:00:00
BNBUSDT,1612512000000,0.00018485,2021-02-05 08:00:00
BNBUSDT,1612540800000,0.00028044,2021-02-05 16:00:00
BNBUSDT,1612569600000,-0.00057475,2021-02-06 00:00:00
BNBUSDT,1612598400000,0.00000000,2021-02-06 08:00:00
BNBUSDT,1612627200000,0.00071564,2021-02-06 16:00:00
BNBUSDT,1612656000000,-0.00024850,2021-02-07 00:00:00
BNBUSDT,1612684800000,-0.00066500,2021-02-07 08:00:00
BNBUSDT,1612713600000,-0.00015453,2021-02-07 16:00:00
BNBUSDT,1612742400000,-0.00033902,2021-02-08 00:00:00
BNBUSDT,1612771200000,-0.00177124,2021-02-08 08:00:00
BNBUSDT,1612800000000,0.00319303,2021-02-08 16:00:00
BNBUSDT,1612828800000,0.00074170,2021-02-09 00:00:00
BNBUSDT,1612857600000,0.00326459,2021-02-09 08:00:00
BNBUSDT,1612886400000,0.00147289,2021-02-09 16:00:00
BNBUSDT,1612915200000,0.00336062,2021-02-10 00:00:00
BNBUSDT,1612944000000,0.00259611,2021-02-10 08:00:00
BNBUSDT,1612972800000,0.00269911,2021-02-10 16:00:00
BNBUSDT,1613001600000,0.00131536,2021-02-11 00:00:00
BNBUSDT,1613030400000,0.00142378,2021-02-11 08:00:00
BNBUSDT,1613059200000,0.00300640,2021-02-11 16:00:00
BNBUSDT,1613088000000,0.00255821,2021-02-12 00:00:00
BNBUSDT,1613116800000,0.00221925,2021-02-12 08:00:00
BNBUSDT,1613145600000,0.00253196,2021-02-12 16:00:00
BNBUSDT,1613174400000,0.00205233,2021-02-13 00:00:00
BNBUSDT,1613203200000,0.00226669,2021-02-13 08:00:00
BNBUSDT,1613232000000,0.00034260,2021-02-13 16:00:00
BNBUSDT,1613260800000,0.00234880,2021-02-14 00:00:00
BNBUSDT,1613289600000,0.00291102,2021-02-14 08:00:00
BNBUSDT,1613318400000,0.00171654,2021-02-14 16:00:00
BNBUSDT,1613347200000,0.00210067,2021-02-15 00:00:00
BNBUSDT,1613376000000,0.00000000,2021-02-15 08:00:00
BNBUSDT,1613404800000,0.00000000,2021-02-15 16:00:00
BNBUSDT,1613433600000,0.00001485,2021-02-16 00:00:00
BNBUSDT,1613462400000,0.00075155,2021-02-16 08:00:00
BNBUSDT,1613491200000,0.00098132,2021-02-16 16:00:00
BNBUSDT,1613520000000,0.00047570,2021-02-17 00:00:00
BNBUSDT,1613548800000,0.00050673,2021-02-17 08:00:00
BNBUSDT,1613577600000,0.00173046,2021-02-17 16:00:00
BNBUSDT,1613606400000,0.00190499,2021-02-18 00:00:00
BNBUSDT,1613635200000,0.00167118,2021-02-18 08:00:00
BNBUSDT,1613664000000,0.00144754,2021-02-18 16:00:00
BNBUSDT,1613692800000,0.00090562,2021-02-19 00:00:00
BNBUSDT,1613721600000,0.00201514,2021-02-19 08:00:00
BNBUSDT,1613750400000,0.00397817,2021-02-19 16:00:00
BNBUSDT,1613779200000,0.00282400,2021-02-20 00:00:00
BNBUSDT,1613808000000,0.00240137,2021-02-20 08:00:00
BNBUSDT,1613836800000,0.00441898,2021-02-20 16:00:00
BNBUSDT,1613865600000,0.00201279,2021-02-21 00:00:00
BNBUSDT,1613894400000,0.00069230,2021-02-21 08:00:00
BNBUSDT,1613923200000,0.00043311,2021-02-21 16:00:00
BNBUSDT,1613952000000,0.00076508,2021-02-22 00:00:00
BNBUSDT,1613980800000,0.00121046,2021-02-22 08:00:00
BNBUSDT,1614009600000,0.00000000,2021-02-22 16:00:00
BNBUSDT,1614038400000,0.00029882,2021-02-23 00:00:00
BNBUSDT,1614067200000,0.00000000,2021-02-23 08:00:00
BNBUSDT,1614096000000,-0.00044901,2021-02-23 16:00:00
BNBUSDT,1614124800000,-0.00014344,2021-02-24 00:00:00
BNBUSDT,1614153600000,-0.00089659,2021-02-24 08:00:00
BNBUSDT,1614182400000,0.00000000,2021-02-24 16:00:00
BNBUSDT,1614211200000,0.00000000,2021-02-25 00:00:00
BNBUSDT,1614240000000,0.00028644,2021-02-25 08:00:00
BNBUSDT,1614268800000,0.00013543,2021-02-25 16:00:00
BNBUSDT,1614297600000,0.00000000,2021-02-26 00:00:00
BNBUSDT,1614326400000,-0.00059456,2021-02-26 08:00:00
BNBUSDT,1614355200000,0.00000000,2021-02-26 16:00:00
BNBUSDT,1614384000000,0.00000000,2021-02-27 00:00:00
BNBUSDT,1614412800000,0.00009595,2021-02-27 08:00:00
BNBUSDT,1614441600000,0.00000000,2021-02-27 16:00:00
BNBUSDT,1614470400000,0.00000000,2021-02-28 00:00:00
BNBUSDT,1614499200000,0.00000000,2021-02-28 08:00:00
BNBUSDT,1614528000000,0.00010510,2021-02-28 16:00:00
BNBUSDT,1614556800000,0.00000000,2021-03-01 00:00:00
BNBUSDT,1614585600000,0.00000000,2021-03-01 08:00:00
BNBUSDT,1614614400000,0.00003391,2021-03-01 16:00:00
BNBUSDT,1614643200000,0.00000000,2021-03-02 00:00:00
BNBUSDT,1614672000000,0.00000000,2021-03-02 08:00:00
BNBUSDT,1614700800000,0.00034725,2021-03-02 16:00:00
BNBUSDT,1614729600000,0.00000000,2021-03-03 00:00:00
BNBUSDT,1614758400000,0.00000000,2021-03-03 08:00:00
BNBUSDT,1614787200000,0.00046790,2021-03-03 16:00:00
BNBUSDT,1614816000000,0.00033678,2021-03-04 00:00:00
BNBUSDT,1614844800000,0.00002204,2021-03-04 08:00:00
BNBUSDT,1614873600000,0.00015610,2021-03-04 16:00:00
BNBUSDT,1614902400000,0.00000000,2021-03-05 00:00:00
BNBUSDT,1614931200000,0.00000000,2021-03-05 08:00:00
BNBUSDT,1614960000000,0.00000000,2021-03-05 16:00:00
BNBUSDT,1614988800000,0.00000000,2021-03-06 00:00:00
BNBUSDT,1615017600000,0.00000000,2021-03-06 08:00:00
BNBUSDT,1615046400000,0.00000000,2021-03-06 16:00:00
BNBUSDT,1615075200000,0.00000000,2021-03-07 00:00:00
BNBUSDT,1615104000000,0.00012207,2021-03-07 08:00:00
BNBUSDT,1615132800000,0.00085147,2021-03-07 16:00:00
BNBUSDT,1615161600000,0.00061761,2021-03-08 00:00:00
BNBUSDT,1615190400000,0.00024577,2021-03-08 08:00:00
BNBUSDT,1615219200000,0.00084219,2021-03-08 16:00:00
BNBUSDT,1615248000000,0.00060021,2021-03-09 00:00:00
BNBUSDT,1615276800000,0.00108241,2021-03-09 08:00:00
BNBUSDT,1615305600000,0.00156346,2021-03-09 16:00:00
BNBUSDT,1615334400000,0.00099450,2021-03-10 00:00:00
BNBUSDT,1615363200000,0.00019159,2021-03-10 08:00:00
BNBUSDT,1615392000000,0.00095313,2021-03-10 16:00:00
BNBUSDT,1615420800000,0.00021756,2021-03-11 00:00:00
BNBUSDT,1615449600000,0.00072803,2021-03-11 08:00:00
BNBUSDT,1615478400000,0.00181020,2021-03-11 16:00:00
BNBUSDT,1615507200000,0.00184398,2021-03-12 00:00:00
BNBUSDT,1615536000000,0.00108321,2021-03-12 08:00:00
BNBUSDT,1615564800000,0.00048915,2021-03-12 16:00:00
BNBUSDT,1615593600000,0.00063652,2021-03-13 00:00:00
BNBUSDT,1615622400000,0.00026329,2021-03-13 08:00:00
BNBUSDT,1615651200000,0.00151595,2021-03-13 16:00:00
BNBUSDT,1615680000000,0.00121028,2021-03-14 00:00:00
BNBUSDT,1615708800000,0.00113247,2021-03-14 08:00:00
BNBUSDT,1615737600000,0.00101075,2021-03-14 16:00:00
BNBUSDT,1615766400000,0.00111632,2021-03-15 00:00:00
BNBUSDT,1615795200000,0.00120751,2021-03-15 08:00:00
BNBUSDT,1615824000000,0.00017538,2021-03-15 16:00:00
BNBUSDT,1615852800000,0.00075049,2021-03-16 00:00:00
BNBUSDT,1615881600000,0.00000000,2021-03-16 08:00:00
BNBUSDT,1615910400000,0.00032876,2021-03-16 16:00:00
BNBUSDT,1615939200000,0.00069949,2021-03-17 00:00:00
BNBUSDT,1615968000000,0.00077658,2021-03-17 08:00:00
BNBUSDT,1615996800000,0.00082530,2021-03-17 16:00:00
BNBUSDT,1616025600000,0.00068787,2021-03-18 00:00:00
BNBUSDT,1616054400000,0.00033243,2021-03-18 08:00:00
BNBUSDT,1616083200000,0.00101434,2021-03-18 16:00:00
BNBUSDT,1616112000000,0.00044185,2021-03-19 00:00:00
BNBUSDT,1616140800000,0.00050890,2021-03-19 08:00:00
BNBUSDT,1616169600000,0.00078686,2021-03-19 16:00:00
BNBUSDT,1616198400000,0.00060740,2021-03-20 00:00:00
BNBUSDT,1616227200000,0.00082919,2021-03-20 08:00:00
BNBUSDT,1616256000000,0.00174000,2021-03-20 16:00:00
BNBUSDT,1616284800000,0.00087788,2021-03-21 00:00:00
BNBUSDT,1616313600000,0.00054596,2021-03-21 08:00:00
BNBUSDT,1616342400000,0.00035663,2021-03-21 16:00:00
BNBUSDT,1616371200000,0.00071726,2021-03-22 00:00:00
BNBUSDT,1616400000000,0.00064104,2021-03-22 08:00:00
BNBUSDT,1616428800000,0.00085694,2021-03-22 16:00:00
BNBUSDT,1616457600000,0.00016046,2021-03-23 00:00:00
BNBUSDT,1616486400000,0.00006827,2021-03-23 08:00:00
BNBUSDT,1616515200000,0.00002292,2021-03-23 16:00:00
BNBUSDT,1616544000000,0.00027494,2021-03-24 00:00:00
BNBUSDT,1616572800000,0.00013666,2021-03-24 08:00:00
BNBUSDT,1616601600000,0.00000000,2021-03-24 16:00:00
BNBUSDT,1616630400000,0.00000000,2021-03-25 00:00:00
BNBUSDT,1616659200000,0.00000000,2021-03-25 08:00:00
BNBUSDT,1616688000000,-0.00042256,2021-03-25 16:00:00
BNBUSDT,1616716800000,0.00000000,2021-03-26 00:00:00
BNBUSDT,1616745600000,0.00000000,2021-03-26 08:00:00
BNBUSDT,1616774400000,-0.00054376,2021-03-26 16:00:00
BNBUSDT,1616803200000,0.00000000,2021-03-27 00:00:00
BNBUSDT,1616832000000,-0.00032468,2021-03-27 08:00:00
BNBUSDT,1616860800000,0.00000000,2021-03-27 16:00:00
BNBUSDT,1616889600000,0.00008039,2021-03-28 00:00:00
BNBUSDT,1616918400000,0.00021146,2021-03-28 08:00:00
BNBUSDT,1616947200000,0.00015098,2021-03-28 16:00:00
BNBUSDT,1616976000000,0.00010460,2021-03-29 00:00:00
BNBUSDT,1617004800000,0.00010607,2021-03-29 08:00:00
BNBUSDT,1617033600000,0.00065241,2021-03-29 16:00:00
BNBUSDT,1617062400000,0.00030035,2021-03-30 00:00:00
BNBUSDT,1617091200000,0.00067628,2021-03-30 08:00:00
BNBUSDT,1617120000000,0.00098543,2021-03-30 16:00:00
BNBUSDT,1617148800000,0.00053492,2021-03-31 00:00:00
BNBUSDT,1617177600000,0.00079309,2021-03-31 08:00:00
BNBUSDT,1617206400000,0.00039337,2021-03-31 16:00:00
BNBUSDT,1617235200000,0.00038678,2021-04-01 00:00:00
BNBUSDT,1617264000000,0.00063875,2021-04-01 08:00:00
BNBUSDT,1617292800000,0.00083402,2021-04-01 16:00:00
BNBUSDT,1617321600000,0.00041167,2021-04-02 00:00:00
BNBUSDT,1617350400000,0.00147709,2021-04-02 08:00:00
BNBUSDT,1617379200000,0.00125716,2021-04-02 16:00:00
BNBUSDT,1617408000000,0.00117138,2021-04-03 00:00:00
BNBUSDT,1617436800000,0.00141924,2021-04-03 08:00:00
BNBUSDT,1617465600000,0.00054845,2021-04-03 16:00:00
BNBUSDT,1617494400000,0.00010345,2021-04-04 00:00:00
BNBUSDT,1617523200000,0.00022305,2021-04-04 08:00:00
BNBUSDT,1617552000000,0.00041287,2021-04-04 16:00:00
BNBUSDT,1617580800000,0.00015106,2021-04-05 00:00:00
BNBUSDT,1617609600000,0.00002577,2021-04-05 08:00:00
BNBUSDT,1617638400000,0.00164929,2021-04-05 16:00:00
BNBUSDT,1617667200000,0.00073497,2021-04-06 00:00:00
BNBUSDT,1617696000000,0.00195528,2021-04-06 08:00:00
BNBUSDT,1617724800000,0.00031634,2021-04-06 16:00:00
BNBUSDT,1617753600000,0.00071335,2021-04-07 00:00:00
BNBUSDT,1617782400000,0.00000712,2021-04-07 08:00:00
BNBUSDT,1617811200000,0.00049727,2021-04-07 16:00:00
BNBUSDT,1617840000000,0.00010663,2021-04-08 00:00:00
BNBUSDT,1617868800000,0.00061145,2021-04-08 08:00:00
BNBUSDT,1617897600000,0.00022063,2021-04-08 16:00:00
BNBUSDT,1617926400000,0.00068515,2021-04-09 00:00:00
BNBUSDT,1617955200000,0.00046039,2021-04-09 08:00:00
BNBUSDT,1617984000000,0.00010097,2021-04-09 16:00:00
BNBUSDT,1618012800000,0.00000000,2021-04-10 00:00:00
BNBUSDT,1618041600000,0.00143481,2021-04-10 08:00:00
BNBUSDT,1618070400000,0.00121535,2021-04-10 16:00:00
BNBUSDT,1618099200000,0.00165386,2021-04-11 00:00:00
BNBUSDT,1618128000000,0.00142916,2021-04-11 08:00:00
BNBUSDT,1618156800000,0.00123461,2021-04-11 16:00:00
BNBUSDT,1618185600000,0.00070132,2021-04-12 00:00:00
BNBUSDT,1618214400000,0.00225006,2021-04-12 08:00:00
BNBUSDT,1618243200000,0.00127767,2021-04-12 16:00:00
BNBUSDT,1618272000000,0.00135657,2021-04-13 00:00:00
BNBUSDT,1618300800000,0.00252418,2021-04-13 08:00:00
BNBUSDT,1618329600000,0.00240702,2021-04-13 16:00:00
BNBUSDT,1618358400000,0.00265731,2021-04-14 00:00:00
BNBUSDT,1618387200000,0.00292519,2021-04-14 08:00:00
BNBUSDT,1618416000000,0.00138875,2021-04-14 16:00:00
BNBUSDT,1618444800000,0.00154067,2021-04-15 00:00:00
BNBUSDT,1618473600000,0.00153437,2021-04-15 08:00:00
BNBUSDT,1618502400000,0.00166460,2021-04-15 16:00:00
BNBUSDT,1618531200000,0.00294158,2021-04-16 00:00:00
BNBUSDT,1618560000000,0.00202932,2021-04-16 08:00:00
BNBUSDT,1618588800000,0.00203238,2021-04-16 16:00:00
BNBUSDT,1618617600000,0.00135713,2021-04-17 00:00:00
BNBUSDT,1618646400000,0.00156647,2021-04-17 08:00:00
BNBUSDT,1618675200000,0.00088307,2021-04-17 16:00:00
BNBUSDT,1618704000000,0.00067694,2021-04-18 00:00:00
BNBUSDT,1618732800000,-0.00030474,2021-04-18 08:00:00
BNBUSDT,1618761600000,0.00000000,2021-04-18 16:00:00
BNBUSDT,1618790400000,0.00000000,2021-04-19 00:00:00
BNBUSDT,1618819200000,0.00044766,2021-04-19 08:00:00
BNBUSDT,1618848000000,0.00047664,2021-04-19 16:00:00
BNBUSDT,1618876800000,0.00000000,2021-04-20 00:00:00
BNBUSDT,1618905600000,0.00000000,2021-04-20 08:00:00
BNBUSDT,1618934400000,0.00000000,2021-04-20 16:00:00
BNBUSDT,1618963200000,0.00060920,2021-04-21 00:00:00
BNBUSDT,1618992000000,0.00032157,2021-04-21 08:00:00
BNBUSDT,1619020800000,0.00040630,2021-04-21 16:00:00
BNBUSDT,1619049600000,0.00047857,2021-04-22 00:00:00
BNBUSDT,1619078400000,0.00061757,2021-04-22 08:00:00
BNBUSDT,1619107200000,0.00048198,2021-04-22 16:00:00
BNBUSDT,1619136000000,0.00009468,2021-04-23 00:00:00
BNBUSDT,1619164800000,0.00059952,2021-04-23 08:00:00
BNBUSDT,1619193600000,0.00003041,2021-04-23 16:00:00
BNBUSDT,1619222400000,0.00000000,2021-04-24 00:00:00
BNBUSDT,1619251200000,0.00005065,2021-04-24 08:00:00
BNBUSDT,1619280000000,0.00020691,2021-04-24 16:00:00
BNBUSDT,1619308800000,0.00000000,2021-04-25 00:00:00
BNBUSDT,1619337600000,0.00000000,2021-04-25 08:00:00
BNBUSDT,1619366400000,0.00000000,2021-04-25 16:00:00
BNBUSDT,1619395200000,0.00033529,2021-04-26 00:00:00
BNBUSDT,1619424000000,0.00015626,2021-04-26 08:00:00
BNBUSDT,1619452800000,0.00025275,2021-04-26 16:00:00
BNBUSDT,1619481600000,0.00000000,2021-04-27 00:00:00
BNBUSDT,1619510400000,0.00000000,2021-04-27 08:00:00
BNBUSDT,1619539200000,0.00046534,2021-04-27 16:00:00
BNBUSDT,1619568000000,0.00038386,2021-04-28 00:00:00
BNBUSDT,1619596800000,0.00037287,2021-04-28 08:00:00
BNBUSDT,1619625600000,0.00038748,2021-04-28 16:00:00
BNBUSDT,1619654400000,0.00012761,2021-04-29 00:00:00
BNBUSDT,1619683200000,0.00000000,2021-04-29 08:00:00
BNBUSDT,1619712000000,0.00066704,2021-04-29 16:00:00
BNBUSDT,1619740800000,0.00024164,2021-04-30 00:00:00
BNBUSDT,1619769600000,0.00075987,2021-04-30 08:00:00
BNBUSDT,1619798400000,0.00013237,2021-04-30 16:00:00
BNBUSDT,1619827200000,0.00067731,2021-05-01 00:00:00
BNBUSDT,1619856000000,0.00081693,2021-05-01 08:00:00
BNBUSDT,1619884800000,0.00044737,2021-05-01 16:00:00
BNBUSDT,1619913600000,0.00084511,2021-05-02 00:00:00
BNBUSDT,1619942400000,0.00037474,2021-05-02 08:00:00
BNBUSDT,1619971200000,0.00006867,2021-05-02 16:00:00
BNBUSDT,1620000000000,0.00012795,2021-05-03 00:00:00
BNBUSDT,1620028800000,0.00079033,2021-05-03 08:00:00
BNBUSDT,1620057600000,0.00073129,2021-05-03 16:00:00
BNBUSDT,1620086400000,0.00075259,2021-05-04 00:00:00
BNBUSDT,1620115200000,0.00009100,2021-05-04 08:00:00
BNBUSDT,1620144000000,0.00075677,2021-05-04 16:00:00
BNBUSDT,1620172800000,0.00003701,2021-05-05 00:00:00
BNBUSDT,1620201600000,0.00055970,2021-05-05 08:00:00
BNBUSDT,1620230400000,0.00030604,2021-05-05 16:00:00
BNBUSDT,1620259200000,0.00099213,2021-05-06 00:00:00
BNBUSDT,1620288000000,0.00081318,2021-05-06 08:00:00
BNBUSDT,1620316800000,0.00180250,2021-05-06 16:00:00
BNBUSDT,1620345600000,0.00050626,2021-05-07 00:00:00
BNBUSDT,1620374400000,0.00122283,2021-05-07 08:00:00
BNBUSDT,1620403200000,0.00037155,2021-05-07 16:00:00
BNBUSDT,1620432000000,0.00066409,2021-05-08 00:00:00
BNBUSDT,1620460800000,0.00063567,2021-05-08 08:00:00
BNBUSDT,1620489600000,0.00082358,2021-05-08 16:00:00
BNBUSDT,1620518400000,0.00046777,2021-05-09 00:00:00
BNBUSDT,1620547200000,0.00014449,2021-05-09 08:00:00
BNBUSDT,1620576000000,0.00074994,2021-05-09 16:00:00
BNBUSDT,1620604800000,0.00056994,2021-05-10 00:00:00
BNBUSDT,1620633600000,0.00039864,2021-05-10 08:00:00
BNBUSDT,1620662400000,0.00082189,2021-05-10 16:00:00
BNBUSDT,1620691200000,0.00000000,2021-05-11 00:00:00
BNBUSDT,1620720000000,0.00000000,2021-05-11 08:00:00
BNBUSDT,1620748800000,0.00000000,2021-05-11 16:00:00
BNBUSDT,1620777600000,-0.00024352,2021-05-12 00:00:00
BNBUSDT,1620806400000,0.00000000,2021-05-12 08:00:00
BNBUSDT,1620835200000,0.00021819,2021-05-12 16:00:00
BNBUSDT,1620864000000,0.00046965,2021-05-13 00:00:00
BNBUSDT,1620892800000,0.00000000,2021-05-13 08:00:00
BNBUSDT,1620921600000,0.00004765,2021-05-13 16:00:00
BNBUSDT,1620950400000,0.00000000,2021-05-14 00:00:00
BNBUSDT,1620979200000,0.00000000,2021-05-14 08:00:00
BNBUSDT,1621008000000,0.00025001,2021-05-14 16:00:00
BNBUSDT,1621036800000,0.00046237,2021-05-15 00:00:00
BNBUSDT,1621065600000,0.00065366,2021-05-15 08:00:00
BNBUSDT,1621094400000,0.00031982,2021-05-15 16:00:00
BNBUSDT,1621123200000,0.00022300,2021-05-16 00:00:00
BNBUSDT,1621152000000,0.00045998,2021-05-16 08:00:00
BNBUSDT,1621180800000,0.00046329,2021-05-16 16:00:00
BNBUSDT,1621209600000,0.00024769,2021-05-17 00:00:00
BNBUSDT,1621238400000,0.00020600,2021-05-17 08:00:00
BNBUSDT,1621267200000,0.00045626,2021-05-17 16:00:00
BNBUSDT,1621296000000,0.00042337,2021-05-18 00:00:00
BNBUSDT,1621324800000,0.00004710,2021-05-18 08:00:00
BNBUSDT,1621353600000,0.00072366,2021-05-18 16:00:00
BNBUSDT,1621382400000,0.00011351,2021-05-19 00:00:00
BNBUSDT,1621411200000,0.00027662,2021-05-19 08:00:00
BNBUSDT,1621440000000,-0.00303109,2021-05-19 16:00:00
BNBUSDT,1621468800000,0.00000000,2021-05-20 00:00:00
BNBUSDT,1621497600000,0.00000000,2021-05-20 08:00:00
BNBUSDT,1621526400000,-0.00087888,2021-05-20 16:00:00
BNBUSDT,1621555200000,0.00000000,2021-05-21 00:00:00
BNBUSDT,1621584000000,-0.00040580,2021-05-21 08:00:00
BNBUSDT,1621612800000,0.00000000,2021-05-21 16:00:00
BNBUSDT,1621641600000,-0.00043913,2021-05-22 00:00:00
BNBUSDT,1621670400000,0.00000000,2021-05-22 08:00:00
BNBUSDT,1621699200000,0.00000000,2021-05-22 16:00:00
BNBUSDT,1621728000000,0.00000000,2021-05-23 00:00:00
BNBUSDT,1621756800000,0.00000000,2021-05-23 08:00:00
BNBUSDT,1621785600000,-0.00019009,2021-05-23 16:00:00
BNBUSDT,1621814400000,-0.00176447,2021-05-24 00:00:00
BNBUSDT,1621843200000,-0.00017363,2021-05-24 08:00:00
BNBUSDT,1621872000000,-0.00060706,2021-05-24 16:00:00
BNBUSDT,1621900800000,-0.00021950,2021-05-25 00:00:00
BNBUSDT,1621929600000,0.00000000,2021-05-25 08:00:00
BNBUSDT,1621958400000,0.00000000,2021-05-25 16:00:00
BNBUSDT,1621987200000,0.00013767,2021-05-26 00:00:00
BNBUSDT,1622016000000,0.00000000,2021-05-26 08:00:00
BNBUSDT,1622044800000,0.00030765,2021-05-26 16:00:00
BNBUSDT,1622073600000,0.00000000,2021-05-27 00:00:00
BNBUSDT,1622102400000,-0.00001668,2021-05-27 08:00:00
BNBUSDT,1622131200000,0.00000000,2021-05-27 16:00:00
BNBUSDT,1622160000000,0.00000000,2021-05-28 00:00:00
BNBUSDT,1622188800000,-0.00039361,2021-05-28 08:00:00
BNBUSDT,1622217600000,-0.00054460,2021-05-28 16:00:00
BNBUSDT,1622246400000,0.00000000,2021-05-29 00:00:00
BNBUSDT,1622275200000,0.00000000,2021-05-29 08:00:00
BNBUSDT,1622304000000,0.00000000,2021-05-29 16:00:00
BNBUSDT,1622332800000,-0.00083951,2021-05-30 00:00:00
BNBUSDT,1622361600000,-0.00115648,2021-05-30 08:00:00
BNBUSDT,1622390400000,0.00000000,2021-05-30 16:00:00
BNBUSDT,1622419200000,0.00000000,2021-05-31 00:00:00
BNBUSDT,1622448000000,-0.00066724,2021-05-31 08:00:00
BNBUSDT,1622476800000,0.00000000,2021-05-31 16:00:00
BNBUSDT,1622505600000,0.00000000,2021-06-01 00:00:00
BNBUSDT,1622534400000,0.00000000,2021-06-01 08:00:00
BNBUSDT,1622563200000,-0.00007534,2021-06-01 16:00:00
BNBUSDT,1622592000000,0.00000000,2021-06-02 00:00:00
BNBUSDT,1622620800000,-0.00000831,2021-06-02 08:00:00
BNBUSDT,1622649600000,0.00000000,2021-06-02 16:00:00
BNBUSDT,1622678400000,0.00000000,2021-06-03 00:00:00
BNBUSDT,1622707200000,-0.00013549,2021-06-03 08:00:00
BNBUSDT,1622736000000,0.00000000,2021-06-03 16:00:00
BNBUSDT,1622764800000,0.00000000,2021-06-04 00:00:00
BNBUSDT,1622793600000,0.00000000,2021-06-04 08:00:00
BNBUSDT,1622822400000,0.00000000,2021-06-04 16:00:00
BNBUSDT,1622851200000,0.00000000,2021-06-05 00:00:00
BNBUSDT,1622880000000,0.00000000,2021-06-05 08:00:00
BNBUSDT,1622908800000,0.00000000,2021-06-05 16:00:00
BNBUSDT,1622937600000,0.00000000,2021-06-06 00:00:00
BNBUSDT,1622966400000,0.00000000,2021-06-06 08:00:00
BNBUSDT,1622995200000,0.00000000,2021-06-06 16:00:00
BNBUSDT,1623024000000,0.00000000,2021-06-07 00:00:00
BNBUSDT,1623052800000,0.00000000,2021-06-07 08:00:00
BNBUSDT,1623081600000,0.00000000,2021-06-07 16:00:00
BNBUSDT,1623110400000,0.00000000,2021-06-08 00:00:00
BNBUSDT,1623139200000,0.00000000,2021-06-08 08:00:00
BNBUSDT,1623168000000,0.00000000,2021-06-08 16:00:00
BNBUSDT,1623196800000,0.00000000,2021-06-09 00:00:00
BNBUSDT,1623225600000,0.00000000,2021-06-09 08:00:00
BNBUSDT,1623254400000,-0.00006007,2021-06-09 16:00:00
BNBUSDT,1623283200000,0.00000000,2021-06-10 00:00:00
BNBUSDT,1623312000000,0.00000000,2021-06-10 08:00:00
BNBUSDT,1623340800000,0.00000000,2021-06-10 16:00:00
BNBUSDT,1623369600000,0.00000000,2021-06-11 00:00:00
BNBUSDT,1623398400000,0.00000000,2021-06-11 08:00:00
BNBUSDT,1623427200000,0.00000000,2021-06-11 16:00:00
BNBUSDT,1623456000000,0.00000000,2021-06-12 00:00:00
BNBUSDT,1623484800000,-0.00001534,2021-06-12 08:00:00
BNBUSDT,1623513600000,0.00000000,2021-06-12 16:00:00
BNBUSDT,1623542400000,0.00000000,2021-06-13 00:00:00
BNBUSDT,1623571200000,0.00000000,2021-06-13 08:00:00
BNBUSDT,1623600000000,0.00000000,2021-06-13 16:00:00
BNBUSDT,1623628800000,0.00000000,2021-06-14 00:00:00
BNBUSDT,1623657600000,0.00000000,2021-06-14 08:00:00
BNBUSDT,1623686400000,0.00000000,2021-06-14 16:00:00
BNBUSDT,1623715200000,0.00000000,2021-06-15 00:00:00
BNBUSDT,1623744000000,0.00000000,2021-06-15 08:00:00
BNBUSDT,1623772800000,0.00000000,2021-06-15 16:00:00
BNBUSDT,1623801600000,0.00000000,2021-06-16 00:00:00
BNBUSDT,1623830400000,0.00000000,2021-06-16 08:00:00
BNBUSDT,1623859200000,0.00000000,2021-06-16 16:00:00
BNBUSDT,1623888000000,0.00000000,2021-06-17 00:00:00
BNBUSDT,1623916800000,-0.00008312,2021-06-17 08:00:00
BNBUSDT,1623945600000,0.00000000,2021-06-17 16:00:00
BNBUSDT,1623974400000,-0.00000725,2021-06-18 00:00:00
BNBUSDT,1624003200000,0.00000000,2021-06-18 08:00:00
BNBUSDT,1624032000000,0.00000000,2021-06-18 16:00:00
BNBUSDT,1624060800000,-0.00035235,2021-06-19 00:00:00
BNBUSDT,1624089600000,0.00000000,2021-06-19 08:00:00
BNBUSDT,1624118400000,0.00000000,2021-06-19 16:00:00
BNBUSDT,1624147200000,-0.00010304,2021-06-20 00:00:00
BNBUSDT,1624176000000,-0.00009143,2021-06-20 08:00:00
BNBUSDT,1624204800000,-0.00040332,2021-06-20 16:00:00
BNBUSDT,1624233600000,0.00000000,2021-06-21 00:00:00
BNBUSDT,1624262400000,0.00000000,2021-06-21 08:00:00
BNBUSDT,1624291200000,-0.00030215,2021-06-21 16:00:00
BNBUSDT,1624320000000,-0.00016777,2021-06-22 00:00:00
BNBUSDT,1624348800000,-0.00041554,2021-06-22 08:00:00
BNBUSDT,1624377600000,-0.00121365,2021-06-22 16:00:00
BNBUSDT,1624406400000,-0.00033586,2021-06-23 00:00:00
BNBUSDT,1624435200000,-0.00048865,2021-06-23 08:00:00
BNBUSDT,1624464000000,-0.00003264,2021-06-23 16:00:00
BNBUSDT,1624492800000,-0.00050795,2021-06-24 00:00:00
BNBUSDT,1624521600000,-0.00012498,2021-06-24 08:00:00
BNBUSDT,1624550400000,0.00000000,2021-06-24 16:00:00
BNBUSDT,1624579200000,-0.00000647,2021-06-25 00:00:00
BNBUSDT,1624608000000,-0.00005346,2021-06-25 08:00:00
BNBUSDT,1624636800000,0.00000000,2021-06-25 16:00:00
BNBUSDT,1624665600000,0.00000000,2021-06-26 00:00:00
BNBUSDT,1624694400000,-0.00008996,2021-06-26 08:00:00
BNBUSDT,1624723200000,-0.00002297,2021-06-26 16:00:00
BNBUSDT,1624752000000,-0.00030894,2021-06-27 00:00:00
BNBUSDT,1624780800000,0.00000000,2021-06-27 08:00:00
BNBUSDT,1624809600000,-0.00044564,2021-06-27 16:00:00
BNBUSDT,1624838400000,-0.00038173,2021-06-28 00:00:00
BNBUSDT,1624867200000,0.00000000,2021-06-28 08:00:00
BNBUSDT,1624896000000,0.00000000,2021-06-28 16:00:00
BNBUSDT,1624924800000,0.00000000,2021-06-29 00:00:00
BNBUSDT,1624953600000,0.00000000,2021-06-29 08:00:00
BNBUSDT,1624982400000,0.00000000,2021-06-29 16:00:00
BNBUSDT,1625011200000,0.00000000,2021-06-30 00:00:00
