date,dividend
2020-08-20 07:00:00,-0.0001
2020-08-20 15:00:00,-0.0001
2020-08-20 23:00:00,-0.0001
2020-08-21 07:00:00,-0.0001
2020-08-21 15:00:00,-0.0001
2020-08-21 23:00:00,-0.0001
2020-08-22 07:00:00,-0.00152252
2020-08-22 15:00:00,-0.00059014
2020-08-22 23:00:00,-0.00146278
2020-08-23 07:00:00,-0.00094542
2020-08-23 15:00:00,-0.00175345
2020-08-23 23:00:00,-0.00100486
2020-08-24 07:00:00,-0.00151206
2020-08-24 15:00:00,-0.00098471
2020-08-24 23:00:00,-0.00020789
2020-08-25 07:00:00,-0.00094866
2020-08-25 15:00:00,-0.00036307
2020-08-25 23:00:00,-0.00071638
2020-08-26 07:00:00,-0.00123278
2020-08-26 15:00:00,-0.00087605
2020-08-26 23:00:00,-0.00139804
2020-08-27 07:00:00,-0.00080406
2020-08-27 15:00:00,-0.00089898
2020-08-27 23:00:00,-0.00040777
2020-08-28 07:00:00,-0.00032604
2020-08-28 15:00:00,-0.00031897
2020-08-28 23:00:00,-0.0002934
2020-08-29 07:00:00,-0.00123961
2020-08-29 15:00:00,-0.00073415
2020-08-29 23:00:00,-0.00159891
2020-08-30 07:00:00,-0.00185894
2020-08-30 15:00:00,-0.00191828
2020-08-30 23:00:00,-0.00204053
2020-08-31 07:00:00,-0.0010317
2020-08-31 15:00:00,-0.00132406
2020-08-31 23:00:00,-0.00080415
2020-09-01 07:00:00,-0.00115788
2020-09-01 15:00:00,-0.00136882
2020-09-01 23:00:00,-0.00165512
2020-09-02 07:00:00,-0.00062099
2020-09-02 15:00:00,-0.0001
2020-09-02 23:00:00,-0.0001
2020-09-03 07:00:00,-0.00018917
2020-09-03 15:00:00,-0.00012161
2020-09-03 23:00:00,-0.0001
2020-09-04 07:00:00,-0.0001
2020-09-04 15:00:00,-0.0001
2020-09-04 23:00:00,-0.0001
2020-09-05 07:00:00,-0.0001
2020-09-05 15:00:00,-0.0001
2020-09-05 23:00:00,-0.0001
2020-09-06 07:00:00,-0.0001
2020-09-06 15:00:00,-0.0001
2020-09-06 23:00:00,-0.0001
2020-09-07 07:00:00,-0.0001
2020-09-07 15:00:00,-0.0001
2020-09-07 23:00:00,-0.0001
2020-09-08 07:00:00,-0.0001
2020-09-08 15:00:00,-0.0001
2020-09-08 23:00:00,-0.0001
2020-09-09 07:00:00,-0.0001
2020-09-09 15:00:00,-0.0001
2020-09-09 23:00:00,-0.0001
2020-09-10 07:00:00,-0.0001
2020-09-10 15:00:00,-0.0001
2020-09-10 23:00:00,-0.0001
2020-09-11 07:00:00,-0.0001
2020-09-11 15:00:00,-0.0001
2020-09-11 23:00:00,-0.0001
2020-09-12 07:00:00,-0.0001
2020-09-12 15:00:00,-0.0001
2020-09-12 23:00:00,-0.0001
2020-09-13 07:00:00,-0.00010822
2020-09-13 15:00:00,-0.0001
2020-09-13 23:00:00,-0.0001
2020-09-14 07:00:00,-0.00019947
2020-09-14 15:00:00,-0.00033042
2020-09-14 23:00:00,-0.00022414
2020-09-15 07:00:00,-0.0001
2020-09-15 15:00:00,-0.0001
2020-09-15 23:00:00,-0.00012038
2020-09-16 07:00:00,-0.0001
2020-09-16 15:00:00,-0.00015451
2020-09-16 23:00:00,-0.0001
2020-09-17 07:00:00,-0.00040469
2020-09-17 15:00:00,-0.00045066
2020-09-17 23:00:00,-0.00053804
2020-09-18 07:00:00,-0.00061089
2020-09-18 15:00:00,-0.00042384
2020-09-18 23:00:00,-0.0002464
2020-09-19 07:00:00,-0.00030378
2020-09-19 15:00:00,-0.00029433
2020-09-19 23:00:00,-0.0001
2020-09-20 07:00:00,-0.00010632
2020-09-20 15:00:00,-0.0001
2020-09-20 23:00:00,-0.0001
2020-09-21 07:00:00,-0.0001
2020-09-21 15:00:00,-0.0001
2020-09-21 23:00:00,-0.0001
2020-09-22 07:00:00,-0.0001
2020-09-22 15:00:00,-0.0001
2020-09-22 23:00:00,-0.0001
2020-09-23 07:00:00,-0.0001
2020-09-23 15:00:00,-0.0001
2020-09-23 23:00:00,-0.0001
2020-09-24 07:00:00,-0.0001
2020-09-24 15:00:00,-0.0001
2020-09-24 23:00:00,-0.0001
2020-09-25 07:00:00,-0.0001
2020-09-25 15:00:00,-0.0001
2020-09-25 23:00:00,-0.0001
2020-09-26 07:00:00,-0.0001
2020-09-26 15:00:00,-0.0001
2020-09-26 23:00:00,-0.0001
2020-09-27 07:00:00,-0.0001
2020-09-27 15:00:00,-0.0001
2020-09-27 23:00:00,-0.0001
2020-09-28 07:00:00,-0.0001
2020-09-28 15:00:00,-0.0001
2020-09-28 23:00:00,-0.0001
2020-09-29 07:00:00,-0.0001
2020-09-29 15:00:00,-0.0001
2020-09-29 23:00:00,-0.0001
2020-09-30 07:00:00,-0.0001
2020-09-30 15:00:00,-0.0001
2020-09-30 23:00:00,-0.0001
2020-10-01 07:00:00,-0.0001
2020-10-01 15:00:00,-0.0001
2020-10-01 23:00:00,-0.0001
2020-10-02 07:00:00,-0.0001
2020-10-02 15:00:00,-0.0001
2020-10-02 23:00:00,-0.0001
2020-10-03 07:00:00,-0.0001
2020-10-03 15:00:00,-0.0001
2020-10-03 23:00:00,-0.0001
2020-10-04 07:00:00,-6.305e-05
2020-10-04 15:00:00,-6.511e-05
2020-10-04 23:00:00,0.00014911
2020-10-05 07:00:00,0.00022961
2020-10-05 15:00:00,-0.0001
2020-10-05 23:00:00,-0.0001
2020-10-06 07:00:00,0.00045968
2020-10-06 15:00:00,0.00049631
2020-10-06 23:00:00,0.00115963
2020-10-07 07:00:00,0.00024144
2020-10-07 15:00:00,-0.0001
2020-10-07 23:00:00,-9.008e-05
2020-10-08 07:00:00,-0.0001
2020-10-08 15:00:00,-0.0001
2020-10-08 23:00:00,-0.0001
2020-10-09 07:00:00,-0.0001
2020-10-09 15:00:00,-0.0001
2020-10-09 23:00:00,-0.0001
2020-10-10 07:00:00,-0.0001
2020-10-10 15:00:00,-0.0001
2020-10-10 23:00:00,-0.0001
2020-10-11 07:00:00,-0.0001
2020-10-11 15:00:00,-0.0001
2020-10-11 23:00:00,-0.0001
2020-10-12 07:00:00,-0.0001
2020-10-12 15:00:00,-0.0001
2020-10-12 23:00:00,-0.0001
2020-10-13 07:00:00,-0.0001
2020-10-13 15:00:00,-0.0001
2020-10-13 23:00:00,-0.0001
2020-10-14 07:00:00,-0.0001
2020-10-14 15:00:00,-0.00011496
2020-10-14 23:00:00,-0.0001
2020-10-15 07:00:00,-0.0001
2020-10-15 15:00:00,-0.0001
2020-10-15 23:00:00,-0.0001
2020-10-16 07:00:00,-0.0001
2020-10-16 15:00:00,-0.0001
2020-10-16 23:00:00,-0.0001
2020-10-17 07:00:00,-0.0001
2020-10-17 15:00:00,-0.0001
2020-10-17 23:00:00,-0.0001
2020-10-18 07:00:00,-0.0001
2020-10-18 15:00:00,-0.0001
2020-10-18 23:00:00,-0.0001
2020-10-19 07:00:00,-0.0001
2020-10-19 15:00:00,-0.0001
2020-10-19 23:00:00,-0.0001
2020-10-20 07:00:00,-0.0001
2020-10-20 15:00:00,-0.0001
2020-10-20 23:00:00,-0.0001
2020-10-21 07:00:00,-0.0001
2020-10-21 15:00:00,-0.0001
2020-10-21 23:00:00,-0.0001
2020-10-22 07:00:00,-0.0001
2020-10-22 15:00:00,-0.0001
2020-10-22 23:00:00,-0.0001
2020-10-23 07:00:00,-0.0001
2020-10-23 15:00:00,-0.00028597
2020-10-23 23:00:00,-0.0001
2020-10-24 07:00:00,-0.0001
2020-10-24 15:00:00,-0.0001
2020-10-24 23:00:00,-0.0001
2020-10-25 07:00:00,-0.0001
2020-10-25 15:00:00,-0.0001
2020-10-25 23:00:00,-0.0001
2020-10-26 07:00:00,-0.0001
2020-10-26 15:00:00,-0.0001
2020-10-26 23:00:00,-0.0001
2020-10-27 07:00:00,-0.0001
2020-10-27 15:00:00,-0.0001
2020-10-27 23:00:00,-0.0001
2020-10-28 07:00:00,-0.0001
2020-10-28 15:00:00,-0.0001
2020-10-28 23:00:00,-0.0001
2020-10-29 07:00:00,-0.0001
2020-10-29 15:00:00,-0.0001
2020-10-29 23:00:00,-3.564e-05
2020-10-30 07:00:00,-0.0001
2020-10-30 15:00:00,-0.0001
2020-10-30 23:00:00,-0.0001
2020-10-31 07:00:00,-0.0001
2020-10-31 15:00:00,-0.0001
2020-10-31 23:00:00,-0.0001
2020-11-01 07:00:00,-0.0001
2020-11-01 15:00:00,-0.0001
2020-11-01 23:00:00,-0.0001
2020-11-02 07:00:00,-0.0001
2020-11-02 15:00:00,-0.0001
2020-11-02 23:00:00,-0.0001
2020-11-03 07:00:00,-0.0001
2020-11-03 15:00:00,-3.103e-05
2020-11-03 23:00:00,0.00028869
2020-11-04 07:00:00,7.1e-05
2020-11-04 15:00:00,-0.0001
2020-11-04 23:00:00,-0.0001
2020-11-05 07:00:00,-0.0001
2020-11-05 15:00:00,-0.0001
2020-11-05 23:00:00,-0.0001
2020-11-06 07:00:00,-0.0001
2020-11-06 15:00:00,-0.0001
2020-11-06 23:00:00,-0.0001
2020-11-07 07:00:00,-0.0001
2020-11-07 15:00:00,-0.00043192
2020-11-07 23:00:00,-0.0001
2020-11-08 07:00:00,-0.0001
2020-11-08 15:00:00,-0.0001
2020-11-08 23:00:00,-0.0001
2020-11-09 07:00:00,-0.0001
2020-11-09 15:00:00,-0.0001
2020-11-09 23:00:00,-0.0001
2020-11-10 07:00:00,-0.0001
2020-11-10 15:00:00,-0.0001
2020-11-10 23:00:00,-0.0001
2020-11-11 07:00:00,-0.0001
2020-11-11 15:00:00,-0.0001
2020-11-11 23:00:00,-0.0001
2020-11-12 07:00:00,-0.0001
2020-11-12 15:00:00,-0.0001
2020-11-12 23:00:00,-0.0001
2020-11-13 07:00:00,-0.0001
2020-11-13 15:00:00,-0.0001
2020-11-13 23:00:00,-0.0001
2020-11-14 07:00:00,-0.0001
2020-11-14 15:00:00,-0.0001
2020-11-14 23:00:00,-0.0001
2020-11-15 07:00:00,-0.0001
2020-11-15 15:00:00,-0.0001
2020-11-15 23:00:00,-0.0001
2020-11-16 07:00:00,-0.0001
2020-11-16 15:00:00,-0.0001
2020-11-16 23:00:00,-0.0001
2020-11-17 07:00:00,-0.0001
2020-11-17 15:00:00,-0.00050727
2020-11-17 23:00:00,-0.00052495
2020-11-18 07:00:00,-0.0001
2020-11-18 15:00:00,-0.0001
2020-11-18 23:00:00,-0.0001
2020-11-19 07:00:00,-0.0001
2020-11-19 15:00:00,-0.0001
2020-11-19 23:00:00,-0.0001
2020-11-20 07:00:00,-0.0001
2020-11-20 15:00:00,-0.00028797
2020-11-20 23:00:00,-0.00013072
2020-11-21 07:00:00,-0.0001
2020-11-21 15:00:00,-0.00057242
2020-11-21 23:00:00,-0.00058124
2020-11-22 07:00:00,-0.00050574
2020-11-22 15:00:00,-0.00034311
2020-11-22 23:00:00,-0.00130752
2020-11-23 07:00:00,-0.00069174
2020-11-23 15:00:00,-0.00153386
2020-11-23 23:00:00,-0.00081341
2020-11-24 07:00:00,-0.00154297
2020-11-24 15:00:00,-0.00068655
2020-11-24 23:00:00,-0.00090277
2020-11-25 07:00:00,-0.00033543
2020-11-25 15:00:00,-0.00075834
2020-11-25 23:00:00,-0.0001
2020-11-26 07:00:00,-0.0001
2020-11-26 15:00:00,-0.0001
2020-11-26 23:00:00,-0.0001
2020-11-27 07:00:00,-0.0001
2020-11-27 15:00:00,-0.0001
2020-11-27 23:00:00,-0.0001
2020-11-28 07:00:00,-0.0001
2020-11-28 15:00:00,-0.0001
2020-11-28 23:00:00,-0.0001
2020-11-29 07:00:00,-0.0001
2020-11-29 15:00:00,-0.0001
2020-11-29 23:00:00,-0.0001
2020-11-30 07:00:00,5.208e-05
2020-11-30 15:00:00,-0.0001
2020-11-30 23:00:00,-0.0001
2020-12-01 07:00:00,-0.0001
2020-12-01 15:00:00,-0.0001
2020-12-01 23:00:00,-0.0001
2020-12-02 07:00:00,-0.0001
2020-12-02 15:00:00,-0.0001
2020-12-02 23:00:00,-0.0001
2020-12-03 07:00:00,-0.0001
2020-12-03 15:00:00,-0.0001
2020-12-03 23:00:00,-0.0001
2020-12-04 07:00:00,-0.0001
2020-12-04 15:00:00,-0.0001
2020-12-04 23:00:00,-0.0001
2020-12-05 07:00:00,-0.0001
2020-12-05 15:00:00,-0.0001
2020-12-05 23:00:00,-0.0001
2020-12-06 07:00:00,-0.0001
2020-12-06 15:00:00,-0.0001
2020-12-06 23:00:00,-0.0001
2020-12-07 07:00:00,-0.0001
2020-12-07 15:00:00,-0.0001
2020-12-07 23:00:00,-0.0001
2020-12-08 07:00:00,-0.0001
2020-12-08 15:00:00,-0.0001
2020-12-08 23:00:00,-0.0001
2020-12-09 07:00:00,-0.0001
2020-12-09 15:00:00,-0.0001
2020-12-09 23:00:00,-0.0001
2020-12-10 07:00:00,-0.0001
2020-12-10 15:00:00,-0.0001
2020-12-10 23:00:00,-0.0001
2020-12-11 07:00:00,-0.0001
2020-12-11 15:00:00,-0.0001
2020-12-11 23:00:00,-0.0001
2020-12-12 07:00:00,-0.0001
2020-12-12 15:00:00,-0.0001
2020-12-12 23:00:00,-0.0001
2020-12-13 07:00:00,-0.0001
2020-12-13 15:00:00,-0.0001
2020-12-13 23:00:00,-0.0001
2020-12-14 07:00:00,-0.0001
2020-12-14 15:00:00,-0.0001
2020-12-14 23:00:00,-0.0001
2020-12-15 07:00:00,-0.0001
2020-12-15 15:00:00,-0.0001
2020-12-15 23:00:00,-0.0001
2020-12-16 07:00:00,-0.0001
2020-12-16 15:00:00,-0.0001
2020-12-16 23:00:00,-0.00024212
2020-12-17 07:00:00,-0.00023563
2020-12-17 15:00:00,-0.00119254
2020-12-17 23:00:00,-0.0001418
2020-12-18 07:00:00,-0.00032006
2020-12-18 15:00:00,-0.00026316
2020-12-18 23:00:00,-0.00021546
2020-12-19 07:00:00,-0.0002483
2020-12-19 15:00:00,-0.00059021
2020-12-19 23:00:00,-0.00025804
2020-12-20 07:00:00,-0.00019221
2020-12-20 15:00:00,-0.00039339
2020-12-20 23:00:00,-0.0001821
2020-12-21 07:00:00,-0.000282
2020-12-21 15:00:00,-0.0001
2020-12-21 23:00:00,-0.0001
2020-12-22 07:00:00,-0.0001
2020-12-22 15:00:00,-0.0001
2020-12-22 23:00:00,-0.0001
2020-12-23 07:00:00,-0.0001
2020-12-23 15:00:00,-0.0001
2020-12-23 23:00:00,-0.0001
2020-12-24 07:00:00,-0.0001
2020-12-24 15:00:00,-0.0001
2020-12-24 23:00:00,-0.0001
2020-12-25 07:00:00,-0.0001
2020-12-25 15:00:00,-0.0001
2020-12-25 23:00:00,-0.0001
2020-12-26 07:00:00,-0.0001
2020-12-26 15:00:00,-0.0001
2020-12-26 23:00:00,-0.0001
2020-12-27 07:00:00,-0.0001
2020-12-27 15:00:00,-0.0001
2020-12-27 23:00:00,-0.0001
2020-12-28 07:00:00,-0.0001
2020-12-28 15:00:00,-0.00045051
2020-12-28 23:00:00,-0.00090278
2020-12-29 07:00:00,-0.00113913
2020-12-29 15:00:00,-0.00044361
2020-12-29 23:00:00,-0.00026109
2020-12-30 07:00:00,-0.00018487
2020-12-30 15:00:00,-0.00047443
2020-12-30 23:00:00,-0.00074948
2020-12-31 07:00:00,-0.00020623
2020-12-31 15:00:00,-0.00017839
2020-12-31 23:00:00,-0.0001
2021-01-01 07:00:00,-0.00055514
2021-01-01 15:00:00,-0.00129624
2021-01-01 23:00:00,-0.00084984
2021-01-02 07:00:00,-0.00092439
2021-01-02 15:00:00,-0.00077587
2021-01-02 23:00:00,-0.00079653
2021-01-03 07:00:00,-0.00122468
2021-01-03 15:00:00,-0.00148904
2021-01-03 23:00:00,-0.00241123
2021-01-04 07:00:00,-0.00379921
2021-01-04 15:00:00,-0.00061146
2021-01-04 23:00:00,-0.00024563
2021-01-05 07:00:00,-0.00014875
2021-01-05 15:00:00,-0.00027526
2021-01-05 23:00:00,-0.00105056
2021-01-06 07:00:00,-0.00153377
2021-01-06 15:00:00,-0.00243785
2021-01-06 23:00:00,-0.00080525
2021-01-07 07:00:00,-0.0009224
2021-01-07 15:00:00,-0.00138697
2021-01-07 23:00:00,-0.00140284
2021-01-08 07:00:00,-0.00065024
2021-01-08 15:00:00,-0.00127334
2021-01-08 23:00:00,-0.00037282
2021-01-09 07:00:00,-0.00069723
2021-01-09 15:00:00,-0.00133035
2021-01-09 23:00:00,-0.0019423
2021-01-10 07:00:00,-0.00230326
2021-01-10 15:00:00,-0.00060201
2021-01-10 23:00:00,-0.0005686
2021-01-11 07:00:00,-0.0001
2021-01-11 15:00:00,-9.787e-05
2021-01-11 23:00:00,-1.378e-05
2021-01-12 07:00:00,-0.0001
2021-01-12 15:00:00,-0.0001
2021-01-12 23:00:00,-0.0001
2021-01-13 07:00:00,-0.0001
2021-01-13 15:00:00,-0.0001
2021-01-13 23:00:00,-0.00026647
2021-01-14 07:00:00,-0.00080724
2021-01-14 15:00:00,-0.00058548
2021-01-14 23:00:00,-0.00041799
2021-01-15 07:00:00,-0.0001
2021-01-15 15:00:00,-0.0009926
2021-01-15 23:00:00,-0.0001
2021-01-16 07:00:00,-0.0003421
2021-01-16 15:00:00,-0.00029398
2021-01-16 23:00:00,-0.0001
2021-01-17 07:00:00,-0.0001
2021-01-17 15:00:00,-0.0001
2021-01-17 23:00:00,-0.00012556
2021-01-18 07:00:00,-0.00039191
2021-01-18 15:00:00,-0.00106602
2021-01-18 23:00:00,-0.00104139
2021-01-19 07:00:00,-0.0010705
2021-01-19 15:00:00,-0.00181095
2021-01-19 23:00:00,-0.00016182
2021-01-20 07:00:00,-0.0001655
2021-01-20 15:00:00,-0.0001
2021-01-20 23:00:00,-0.00022117
2021-01-21 07:00:00,-0.00016456
2021-01-21 15:00:00,-0.0001
2021-01-21 23:00:00,-0.0001
2021-01-22 07:00:00,-0.0001
2021-01-22 15:00:00,-0.0001
2021-01-22 23:00:00,-0.0001
2021-01-23 07:00:00,-0.0001
2021-01-23 15:00:00,-0.0001
2021-01-23 23:00:00,-0.00031032
2021-01-24 07:00:00,-0.00041699
2021-01-24 15:00:00,-0.0001
2021-01-24 23:00:00,-0.0001
2021-01-25 07:00:00,-0.00148622
2021-01-25 15:00:00,-0.00119818
2021-01-25 23:00:00,-0.00028202
2021-01-26 07:00:00,-0.00016109
2021-01-26 15:00:00,-0.00019859
2021-01-26 23:00:00,-0.0002814
2021-01-27 07:00:00,-0.00033245
2021-01-27 15:00:00,-0.00023165
2021-01-27 23:00:00,-0.00048999
2021-01-28 07:00:00,-0.00049154
2021-01-28 15:00:00,-0.00030963
2021-01-28 23:00:00,-0.00027462
2021-01-29 07:00:00,-0.00029405
2021-01-29 15:00:00,-0.00192192
2021-01-29 23:00:00,-0.00095852
2021-01-30 07:00:00,-0.0001
2021-01-30 15:00:00,-0.00017254
2021-01-30 23:00:00,-0.00047596
2021-01-31 07:00:00,-0.00077903
2021-01-31 15:00:00,-0.0010553
2021-01-31 23:00:00,-0.00065889
2021-02-01 07:00:00,-0.00083533
2021-02-01 15:00:00,-0.00100222
2021-02-01 23:00:00,-0.0010416
2021-02-02 07:00:00,-0.00101512
2021-02-02 15:00:00,-0.00176769
2021-02-02 23:00:00,-0.00160459
2021-02-03 07:00:00,-0.00184094
2021-02-03 15:00:00,-0.00193145
2021-02-03 23:00:00,-0.00229929
2021-02-04 07:00:00,-0.00252438
2021-02-04 15:00:00,-0.00180062
2021-02-04 23:00:00,-0.00182581
2021-02-05 07:00:00,-0.00239326
2021-02-05 15:00:00,-0.00224702
2021-02-05 23:00:00,-0.00144097
2021-02-06 07:00:00,-0.000922
2021-02-06 15:00:00,-0.00165789
2021-02-06 23:00:00,-0.00163433
2021-02-07 07:00:00,-0.00082637
2021-02-07 15:00:00,-0.00065762
2021-02-07 23:00:00,-0.00070854
2021-02-08 07:00:00,-0.00079235
2021-02-08 15:00:00,-0.00343915
2021-02-08 23:00:00,-0.0025203
2021-02-09 07:00:00,-0.00248115
2021-02-09 15:00:00,-0.00162904
2021-02-09 23:00:00,-0.00117927
2021-02-10 07:00:00,-0.00301917
2021-02-10 15:00:00,-0.00131776
2021-02-10 23:00:00,-0.00088444
2021-02-11 07:00:00,-0.00121009
2021-02-11 15:00:00,-0.0022987
2021-02-11 23:00:00,-0.0018048
2021-02-12 07:00:00,-0.00134348
2021-02-12 15:00:00,-0.002538
2021-02-12 23:00:00,-0.00324315
2021-02-13 07:00:00,-0.00297899
2021-02-13 15:00:00,-0.00120121
2021-02-13 23:00:00,-0.00272745
2021-02-14 07:00:00,-0.00250157
2021-02-14 15:00:00,-0.00285319
2021-02-14 23:00:00,-0.00161388
2021-02-15 07:00:00,-0.00021162
2021-02-15 15:00:00,-0.00074859
2021-02-15 23:00:00,-0.00088078
2021-02-16 07:00:00,-0.00069981
2021-02-16 15:00:00,-0.00095682
2021-02-16 23:00:00,-0.00046741
2021-02-17 07:00:00,-0.00063312
2021-02-17 15:00:00,-0.0017654
2021-02-17 23:00:00,-0.00190488
2021-02-18 07:00:00,-0.00220094
2021-02-18 15:00:00,-0.00172088
2021-02-18 23:00:00,-0.00116436
2021-02-19 07:00:00,-0.00159441
2021-02-19 15:00:00,-0.0023916
2021-02-19 23:00:00,-0.00203547
2021-02-20 07:00:00,-0.00181143
2021-02-20 15:00:00,-0.0028373
2021-02-20 23:00:00,-0.00051352
2021-02-21 07:00:00,-0.00065566
2021-02-21 15:00:00,-0.00124095
2021-02-21 23:00:00,-0.00095858
2021-02-22 07:00:00,-0.00029993
2021-02-22 15:00:00,-0.0001
2021-02-22 23:00:00,-0.00039278
2021-02-23 07:00:00,-0.0001
2021-02-23 15:00:00,-0.0001
2021-02-23 23:00:00,-0.0001
2021-02-24 07:00:00,-0.0001
2021-02-24 15:00:00,-0.0001
2021-02-24 23:00:00,-0.0001
2021-02-25 07:00:00,-0.0001
2021-02-25 15:00:00,-0.0001
2021-02-25 23:00:00,-0.0001
2021-02-26 07:00:00,-0.0001
2021-02-26 15:00:00,-0.0001
2021-02-26 23:00:00,-0.0001
2021-02-27 07:00:00,-0.00017632
2021-02-27 15:00:00,-0.00044359
2021-02-27 23:00:00,-0.0001
2021-02-28 07:00:00,-0.0001
2021-02-28 15:00:00,-0.0001
2021-02-28 23:00:00,-0.0001
2021-03-01 07:00:00,-0.0001
2021-03-01 15:00:00,-0.00029323
2021-03-01 23:00:00,-0.0001
2021-03-02 07:00:00,-0.0001203
2021-03-02 15:00:00,-0.0001
2021-03-02 23:00:00,-0.0001
2021-03-03 07:00:00,-0.0001
2021-03-03 15:00:00,-0.0001
2021-03-03 23:00:00,-0.0001
2021-03-04 07:00:00,-0.0001
2021-03-04 15:00:00,-0.0001
2021-03-04 23:00:00,-0.0002771
2021-03-05 07:00:00,-0.0001
2021-03-05 15:00:00,-0.00036246
2021-03-05 23:00:00,-0.00014598
2021-03-06 07:00:00,-0.00024067
2021-03-06 15:00:00,-0.00047304
2021-03-06 23:00:00,-0.00049984
2021-03-07 07:00:00,-0.00047188
2021-03-07 15:00:00,-0.00086449
2021-03-07 23:00:00,-0.0004003
2021-03-08 07:00:00,-0.00062864
2021-03-08 15:00:00,-0.00073407
2021-03-08 23:00:00,-0.0010866
2021-03-09 07:00:00,-0.00133929
2021-03-09 15:00:00,-0.00181736
2021-03-09 23:00:00,-0.00142349
2021-03-10 07:00:00,-0.00091978
2021-03-10 15:00:00,-0.00139047
2021-03-10 23:00:00,-0.00104836
2021-03-11 07:00:00,-0.00052614
2021-03-11 15:00:00,-0.00089574
2021-03-11 23:00:00,-0.00141001
2021-03-12 07:00:00,-0.00120486
2021-03-12 15:00:00,-0.00041716
2021-03-12 23:00:00,-0.00062196
2021-03-13 07:00:00,-0.00066902
2021-03-13 15:00:00,-0.00156962
2021-03-13 23:00:00,-0.00173585
2021-03-14 07:00:00,-0.0010286
2021-03-14 15:00:00,-0.00124531
2021-03-14 23:00:00,-0.00100447
2021-03-15 07:00:00,-0.00140188
2021-03-15 15:00:00,-0.0001
2021-03-15 23:00:00,-0.00014536
2021-03-16 07:00:00,-0.0001
2021-03-16 15:00:00,-0.00043713
2021-03-16 23:00:00,-0.00058887
2021-03-17 07:00:00,-0.00045958
2021-03-17 15:00:00,-0.00035288
2021-03-17 23:00:00,-0.00057119
2021-03-18 07:00:00,-0.00111357
2021-03-18 15:00:00,-0.00090096
2021-03-18 23:00:00,-0.00047001
2021-03-19 07:00:00,-0.00016968
2021-03-19 15:00:00,-0.00106141
2021-03-19 23:00:00,-0.00114843
2021-03-20 07:00:00,-0.00160342
2021-03-20 15:00:00,-0.00168515
2021-03-20 23:00:00,-0.00107533
2021-03-21 07:00:00,-0.0005022
2021-03-21 15:00:00,-0.00058149
2021-03-21 23:00:00,-0.00084123
2021-03-22 07:00:00,-0.00059267
2021-03-22 15:00:00,-0.00084399
2021-03-22 23:00:00,-0.00053546
2021-03-23 07:00:00,-0.00036825
2021-03-23 15:00:00,-0.00023942
2021-03-23 23:00:00,-0.00022933
2021-03-24 07:00:00,-0.00023732
2021-03-24 15:00:00,-0.00031669
2021-03-24 23:00:00,-0.0001
2021-03-25 07:00:00,-0.0001
2021-03-25 15:00:00,-0.0001
2021-03-25 23:00:00,-0.0001
2021-03-26 07:00:00,-0.0001
2021-03-26 15:00:00,-0.0001
2021-03-26 23:00:00,-0.00015696
2021-03-27 07:00:00,-0.00063543
2021-03-27 15:00:00,-0.00052158
2021-03-27 23:00:00,-0.00040727
2021-03-28 07:00:00,-0.00055815
2021-03-28 15:00:00,-0.00064828
2021-03-28 23:00:00,-0.00035875
2021-03-29 07:00:00,-0.00067724
2021-03-29 15:00:00,-0.00073383
2021-03-29 23:00:00,-0.000627
2021-03-30 07:00:00,-0.00096279
2021-03-30 15:00:00,-0.00094777
2021-03-30 23:00:00,-0.00091032
2021-03-31 07:00:00,-0.00124134
2021-03-31 15:00:00,-0.00105508
2021-03-31 23:00:00,-0.00144318
2021-04-01 07:00:00,-0.00114443
2021-04-01 15:00:00,-0.00096423
2021-04-01 23:00:00,-0.00022301
2021-04-02 07:00:00,-0.00155414
2021-04-02 15:00:00,-0.00172134
2021-04-02 23:00:00,-0.00197081
2021-04-03 07:00:00,-0.00149258
2021-04-03 15:00:00,-0.00191956
2021-04-03 23:00:00,-0.00065183
2021-04-04 07:00:00,-0.00076443
2021-04-04 15:00:00,-0.00065903
2021-04-04 23:00:00,-0.00120285
2021-04-05 07:00:00,-0.00112925
2021-04-05 15:00:00,-0.00164307
2021-04-05 23:00:00,-0.00221893
2021-04-06 07:00:00,-0.00207512
2021-04-06 15:00:00,-0.00161482
2021-04-06 23:00:00,-0.00079277
2021-04-07 07:00:00,-0.00127061
2021-04-07 15:00:00,-0.00077356
2021-04-07 23:00:00,-0.00042661
2021-04-08 07:00:00,-0.00074946
2021-04-08 15:00:00,-0.00102457
2021-04-08 23:00:00,-0.00075028
2021-04-09 07:00:00,-0.00102521
2021-04-09 15:00:00,-0.00092785
2021-04-09 23:00:00,-0.00081185
2021-04-10 07:00:00,-0.00169386
2021-04-10 15:00:00,-0.00171618
2021-04-10 23:00:00,-0.00114388
2021-04-11 07:00:00,-0.00176681
2021-04-11 15:00:00,-0.00202352
2021-04-11 23:00:00,-0.00178411
2021-04-12 07:00:00,-0.00234101
2021-04-12 15:00:00,-0.00151842
2021-04-12 23:00:00,-0.00163066
2021-04-13 07:00:00,-0.00197312
2021-04-13 15:00:00,-0.00345813
2021-04-13 23:00:00,-0.00318822
2021-04-14 07:00:00,-0.0029384
2021-04-14 15:00:00,-0.00111745
2021-04-14 23:00:00,-0.0012181
2021-04-15 07:00:00,-0.00142848
2021-04-15 15:00:00,-0.00203849
2021-04-15 23:00:00,-0.00270792
2021-04-16 07:00:00,-0.00217174
2021-04-16 15:00:00,-0.00183748
2021-04-16 23:00:00,-0.00186619
2021-04-17 07:00:00,-0.00175853
2021-04-17 15:00:00,-0.00225292
2021-04-17 23:00:00,-0.00143082
2021-04-18 07:00:00,-0.0001
2021-04-18 15:00:00,-0.0001
2021-04-18 23:00:00,-0.0001
2021-04-19 07:00:00,-0.0001
2021-04-19 15:00:00,-0.00019125
2021-04-19 23:00:00,-0.00021483
2021-04-20 07:00:00,-0.0001
2021-04-20 15:00:00,-0.00017411
2021-04-20 23:00:00,-0.0001
2021-04-21 07:00:00,-0.00018644
2021-04-21 15:00:00,-0.00010775
2021-04-21 23:00:00,-0.00032843
2021-04-22 07:00:00,-0.00039735
2021-04-22 15:00:00,-0.00037392
2021-04-22 23:00:00,-0.00018104
2021-04-23 07:00:00,-0.0001
2021-04-23 15:00:00,-0.0001
2021-04-23 23:00:00,-0.0001
2021-04-24 07:00:00,-0.0001
2021-04-24 15:00:00,-0.0001
2021-04-24 23:00:00,-0.0001
2021-04-25 07:00:00,-0.00016528
2021-04-25 15:00:00,-0.0001
2021-04-25 23:00:00,-0.0001
2021-04-26 07:00:00,-0.0001
2021-04-26 15:00:00,-0.0001
2021-04-26 23:00:00,-0.0001
2021-04-27 07:00:00,-0.0001
2021-04-27 15:00:00,-0.00045605
2021-04-27 23:00:00,-0.00015104
2021-04-28 07:00:00,-0.00043432
2021-04-28 15:00:00,-0.00049836
2021-04-28 23:00:00,-0.00044561
2021-04-29 07:00:00,-0.00032101
2021-04-29 15:00:00,-0.00039063
2021-04-29 23:00:00,-0.0001
2021-04-30 07:00:00,-0.00046604
2021-04-30 15:00:00,-0.00034616
2021-04-30 23:00:00,-0.00061938
2021-05-01 07:00:00,-0.00067303
2021-05-01 15:00:00,-0.00045826
2021-05-01 23:00:00,-0.00059936
2021-05-02 07:00:00,-0.00035025
2021-05-02 15:00:00,-0.00060092
2021-05-02 23:00:00,-0.00032757
2021-05-03 07:00:00,-0.00061509
2021-05-03 15:00:00,-0.00070986
2021-05-03 23:00:00,-0.00086936
2021-05-04 07:00:00,-0.00015465
2021-05-04 15:00:00,-0.00074161
2021-05-04 23:00:00,-0.00042039
2021-05-05 07:00:00,-0.00079423
2021-05-05 15:00:00,-0.00070474
2021-05-05 23:00:00,-0.00110712
2021-05-06 07:00:00,-0.00119028
2021-05-06 15:00:00,-0.00160615
2021-05-06 23:00:00,-0.00111887
2021-05-07 07:00:00,-0.0009942
2021-05-07 15:00:00,-0.00108201
2021-05-07 23:00:00,-0.00024172
2021-05-08 07:00:00,-0.00063881
2021-05-08 15:00:00,-0.00073782
2021-05-08 23:00:00,-0.00059247
2021-05-09 07:00:00,-0.0003476
2021-05-09 15:00:00,-0.00062852
2021-05-09 23:00:00,-0.00048868
2021-05-10 07:00:00,-0.00047578
2021-05-10 15:00:00,-0.0006179
2021-05-10 23:00:00,-0.0001
2021-05-11 07:00:00,-0.0001
2021-05-11 15:00:00,-0.00025543
2021-05-11 23:00:00,-0.00022867
2021-05-12 07:00:00,-0.00055745
2021-05-12 15:00:00,-0.0004711
2021-05-12 23:00:00,-0.0001
2021-05-13 07:00:00,-0.0001
2021-05-13 15:00:00,-0.00018302
2021-05-13 23:00:00,-0.00022446
2021-05-14 07:00:00,-0.000129
2021-05-14 15:00:00,-0.00052649
2021-05-14 23:00:00,-0.00057798
2021-05-15 07:00:00,-0.00062082
2021-05-15 15:00:00,-0.00041901
2021-05-15 23:00:00,-0.00027853
2021-05-16 07:00:00,-0.00031334
2021-05-16 15:00:00,-0.00047938
2021-05-16 23:00:00,-0.0004022
2021-05-17 07:00:00,-0.000322
2021-05-17 15:00:00,-0.00034084
2021-05-17 23:00:00,-0.0004658
2021-05-18 07:00:00,-0.00017069
2021-05-18 15:00:00,-0.00053579
2021-05-18 23:00:00,-0.00022438
2021-05-19 07:00:00,-0.0003838
2021-05-19 15:00:00,0.00059627
2021-05-19 23:00:00,-0.0001
2021-05-20 07:00:00,-0.0001
2021-05-20 15:00:00,-0.0001
2021-05-20 23:00:00,-0.0001
2021-05-21 07:00:00,-0.0001
2021-05-21 15:00:00,-0.0001
2021-05-21 23:00:00,-0.0001
2021-05-22 07:00:00,-0.0001
2021-05-22 15:00:00,-0.0001
2021-05-22 23:00:00,-0.0001
2021-05-23 07:00:00,-0.0001
2021-05-23 15:00:00,-0.0001
2021-05-23 23:00:00,-0.0001
2021-05-24 07:00:00,-0.0001
2021-05-24 15:00:00,-0.0001
2021-05-24 23:00:00,-0.0001
2021-05-25 07:00:00,-0.0001
2021-05-25 15:00:00,-0.0001
2021-05-25 23:00:00,-0.0001
2021-05-26 07:00:00,-0.0001
2021-05-26 15:00:00,-0.0001
2021-05-26 23:00:00,-0.0001
2021-05-27 07:00:00,-0.0001
2021-05-27 15:00:00,-0.0001
2021-05-27 23:00:00,-0.0001
2021-05-28 07:00:00,-0.0001
2021-05-28 15:00:00,-0.0001
2021-05-28 23:00:00,-0.0001
2021-05-29 07:00:00,-0.0001
2021-05-29 15:00:00,-0.0001
2021-05-29 23:00:00,-0.0001
2021-05-30 07:00:00,-0.0001
2021-05-30 15:00:00,-0.0001
2021-05-30 23:00:00,-0.0001
2021-05-31 07:00:00,-0.0001
2021-05-31 15:00:00,-0.0001
2021-05-31 23:00:00,-0.0001
2021-06-01 07:00:00,-0.0001
2021-06-01 15:00:00,-0.0001
2021-06-01 23:00:00,-0.0001
2021-06-02 07:00:00,0.00013214
2021-06-02 15:00:00,8.299e-05
2021-06-02 23:00:00,9.675e-05
2021-06-03 07:00:00,7.451e-05
2021-06-03 15:00:00,-7.491e-05
2021-06-03 23:00:00,-2.222e-05
2021-06-04 07:00:00,1.209e-05
2021-06-04 15:00:00,-3.885e-05
2021-06-04 23:00:00,0.0001086
2021-06-05 07:00:00,0.00015012
2021-06-05 15:00:00,-5.414e-05
2021-06-05 23:00:00,3.17e-06
2021-06-06 07:00:00,4.639e-05
2021-06-06 15:00:00,2.831e-05
2021-06-06 23:00:00,-3.48e-06
2021-06-07 07:00:00,-0.0001
2021-06-07 15:00:00,-0.0001
2021-06-07 23:00:00,-0.0001
2021-06-08 07:00:00,-0.0001
2021-06-08 15:00:00,-9.969e-05
2021-06-08 23:00:00,2.693e-05
2021-06-09 07:00:00,-2.019e-05
2021-06-09 15:00:00,2.339e-05
2021-06-09 23:00:00,-0.0001
2021-06-10 07:00:00,-0.0001
2021-06-10 15:00:00,-0.0001
2021-06-10 23:00:00,-0.0001
2021-06-11 07:00:00,-0.0001
2021-06-11 15:00:00,-0.0001
2021-06-11 23:00:00,-0.0001
2021-06-12 07:00:00,-0.0001
2021-06-12 15:00:00,-0.0001
2021-06-12 23:00:00,-0.0001
2021-06-13 07:00:00,-0.0001
2021-06-13 15:00:00,-0.0001
2021-06-13 23:00:00,-0.0001
2021-06-14 07:00:00,-0.0001
2021-06-14 15:00:00,-0.0001
2021-06-14 23:00:00,-0.0001
2021-06-15 07:00:00,-0.0001
2021-06-15 15:00:00,-0.0001
2021-06-15 23:00:00,-0.0001
2021-06-16 07:00:00,-0.0001
2021-06-16 15:00:00,-0.0001
2021-06-16 23:00:00,-0.0001
2021-06-17 07:00:00,-0.0001
2021-06-17 15:00:00,-0.0001
2021-06-17 23:00:00,-0.0001
2021-06-18 07:00:00,-0.0001
2021-06-18 15:00:00,-0.0001
2021-06-18 23:00:00,-4.811e-05
2021-06-19 07:00:00,-0.0001
2021-06-19 15:00:00,-0.0001
2021-06-19 23:00:00,-0.0001
2021-06-20 07:00:00,-0.0001
2021-06-20 15:00:00,-0.0001
2021-06-20 23:00:00,-6.289e-05
2021-06-21 07:00:00,-0.0001
2021-06-21 15:00:00,-3.245e-05
2021-06-21 23:00:00,-0.0001
2021-06-22 07:00:00,4.32e-05
2021-06-22 15:00:00,0.00026002
2021-06-22 23:00:00,-3.721e-05
2021-06-23 07:00:00,5.111e-05
2021-06-23 15:00:00,-0.0001
2021-06-23 23:00:00,-0.0001
2021-06-24 07:00:00,-5.13e-06
2021-06-24 15:00:00,-7.568e-05
2021-06-24 23:00:00,2.337e-05
2021-06-25 07:00:00,-0.0001
2021-06-25 15:00:00,-0.0001
2021-06-25 23:00:00,-0.0001
2021-06-26 07:00:00,-2.611e-05
2021-06-26 15:00:00,4.007e-05
2021-06-26 23:00:00,1.306e-05
2021-06-27 07:00:00,7.027e-05
2021-06-27 15:00:00,3.055e-05
2021-06-27 23:00:00,-3.915e-05
2021-06-28 07:00:00,-0.0001
2021-06-28 15:00:00,-0.0001
2021-06-28 23:00:00,-0.0001
2021-06-29 07:00:00,-0.0001
2021-06-29 15:00:00,-0.0001
2021-06-29 23:00:00,-0.0001
